,0,mean,std,min,max,median,mode,q1,q2,q3
proportional_fairness,238.71484303089284,238.71484303089284,0.0,238.71484303089284,238.71484303089284,238.71484303089284,238.71484303089284,238.71484303089284,238.71484303089284,238.71484303089284
"alpha_('Gas_node_3', 'Gas', 'Gas')",1.0,1.0,0.0,1.0,1.0,1.0,1.0,1.0,1.0,1.0
"phi_('Gas_node_3', 'Gas', 'Gas')",139.9000000001,139.9000000001,0.0,139.9000000001,139.9000000001,139.9000000001,139.9000000001,139.9000000001,139.9000000001,139.9000000001
"alpha_('Gas_node_4', 'Gas', 'Gas')",1.0,1.0,0.0,1.0,1.0,1.0,1.0,1.0,1.0,1.0
"phi_('Gas_node_4', 'Gas', 'Gas')",128.90000000010002,128.90000000010002,0.0,128.90000000010002,128.90000000010002,128.90000000010002,128.90000000010002,128.90000000010002,128.90000000010002,128.90000000010002
"alpha_('Gas_node_5', 'Gas', 'Gas')",1.0,1.0,0.0,1.0,1.0,1.0,1.0,1.0,1.0,1.0
"phi_('Gas_node_5', 'Gas', 'Gas')",128.49999980793518,128.49999980793518,0.0,128.49999980793518,128.49999980793518,128.49999980793518,128.49999980793518,128.49999980793518,128.49999980793518,128.49999980793518
"alpha_('Gas_node_6', 'Gas', 'Gas')",1.0,1.0,0.0,1.0,1.0,1.0,1.0,1.0,1.0,1.0
"phi_('Gas_node_6', 'Gas', 'Gas')",17.7,17.7,0.0,17.7,17.7,17.7,17.7,17.7,17.7,17.7
"alpha_('Gas_node_7', 'Gas', 'Gas')",1.0,1.0,0.0,1.0,1.0,1.0,1.0,1.0,1.0,1.0
"phi_('Gas_node_7', 'Gas', 'Gas')",22.9,22.9,0.0,22.9,22.9,22.9,22.9,22.9,22.9,22.9
"alpha_('Gas_node_8', 'Gas', 'Gas')",1.0,1.0,0.0,1.0,1.0,1.0,1.0,1.0,1.0,1.0
"phi_('Gas_node_8', 'Gas', 'Gas')",68.6,68.6,0.0,68.6,68.6,68.6,68.6,68.6,68.6,68.6
"alpha_('Gas_node_9', 'Gas', 'Gas')",1.0,1.0,0.0,1.0,1.0,1.0,1.0,1.0,1.0,1.0
"phi_('Gas_node_9', 'Gas', 'Gas')",47.0,47.0,0.0,47.0,47.0,47.0,47.0,47.0,47.0,47.0
"alpha_('Gas_node_10', 'Gas', 'Gas')",1.0,1.0,0.0,1.0,1.0,1.0,1.0,1.0,1.0,1.0
"phi_('Gas_node_10', 'Gas', 'Gas')",13.4,13.4,0.0,13.4,13.4,13.4,13.4,13.4,13.4,13.4
"alpha_('Gas_node_11', 'Gas', 'Gas')",1.0,1.0,0.0,1.0,1.0,1.0,1.0,1.0,1.0,1.0
"phi_('Gas_node_11', 'Gas', 'Gas')",3.4,3.4,0.0,3.4,3.4,3.4,3.4,3.4,3.4,3.4
"alpha_('Gas_node_12', 'Gas', 'Gas')",1.0,1.0,0.0,1.0,1.0,1.0,1.0,1.0,1.0,1.0
"phi_('Gas_node_12', 'Gas', 'Gas')",14.2,14.2,0.0,14.2,14.2,14.2,14.2,14.2,14.2,14.2
"alpha_('Gas_node_13', 'Gas', 'Gas')",1.0,1.0,0.0,1.0,1.0,1.0,1.0,1.0,1.0,1.0
"phi_('Gas_node_13', 'Gas', 'Gas')",25.3,25.3,0.0,25.3,25.3,25.3,25.3,25.3,25.3,25.3
"alpha_('Gas_node_14', 'Gas', 'Gas')",1.0,1.0,0.0,1.0,1.0,1.0,1.0,1.0,1.0,1.0
"phi_('Gas_node_14', 'Gas', 'Gas')",11.5,11.5,0.0,11.5,11.5,11.5,11.5,11.5,11.5,11.5
"alpha_('Gas_node_15', 'Gas', 'Gas')",1.0,1.0,0.0,1.0,1.0,1.0,1.0,1.0,1.0,1.0
"phi_('Gas_node_15', 'Gas', 'Gas')",128.4000000001,128.4000000001,0.0,128.4000000001,128.4000000001,128.4000000001,128.4000000001,128.4000000001,128.4000000001,128.4000000001
"alpha_('Power_node_9', 'Power', 'Power')",1.0,1.0,0.0,1.0,1.0,1.0,1.0,1.0,1.0,1.0
"phi_('Power_node_9', 'Power', 'Power')",9.777975497,9.777975497,0.0,9.777975497,9.777975497,9.777975497,9.777975497,9.777975497,9.777975497,9.777975497
"alpha_('Power_node_10', 'Power', 'Power')",1.0,1.0,0.0,1.0,1.0,1.0,1.0,1.0,1.0,1.0
"phi_('Power_node_10', 'Power', 'Power')",24.000000000100002,24.000000000100002,0.0,24.000000000100002,24.000000000100002,24.000000000100002,24.000000000100002,24.000000000100002,24.000000000100002,24.000000000100002
"alpha_('Power_node_11', 'Power', 'Power')",1.0,1.0,0.0,1.0,1.0,1.0,1.0,1.0,1.0,1.0
"phi_('Power_node_11', 'Power', 'Power')",24.000000000099977,24.000000000099977,0.0,24.000000000099977,24.000000000099977,24.000000000099977,24.000000000099977,24.000000000099977,24.000000000099977,24.000000000099977
"alpha_('Power_node_12', 'Power', 'Power')",1.0,1.0,0.0,1.0,1.0,1.0,1.0,1.0,1.0,1.0
"phi_('Power_node_12', 'Power', 'Power')",19.66908817,19.66908817,0.0,19.66908817,19.66908817,19.66908817,19.66908817,19.66908817,19.66908817,19.66908817
"alpha_('Power_node_13', 'Power', 'Power')",1.0,1.0,0.0,1.0,1.0,1.0,1.0,1.0,1.0,1.0
"phi_('Power_node_13', 'Power', 'Power')",24.00000000009997,24.00000000009997,0.0,24.00000000009997,24.00000000009997,24.00000000009997,24.00000000009997,24.00000000009997,24.00000000009997,24.00000000009997
"alpha_('Power_node_14', 'Power', 'Power')",1.0,1.0,0.0,1.0,1.0,1.0,1.0,1.0,1.0,1.0
"phi_('Power_node_14', 'Power', 'Power')",16.72668359,16.72668359,0.0,16.72668359,16.72668359,16.72668359,16.72668359,16.72668359,16.72668359,16.72668359
"alpha_('Power_node_15', 'Power', 'Power')",1.0,1.0,0.0,1.0,1.0,1.0,1.0,1.0,1.0,1.0
"phi_('Power_node_15', 'Power', 'Power')",16.75704501,16.75704501,0.0,16.75704501,16.75704501,16.75704501,16.75704501,16.75704501,16.75704501,16.75704501
"alpha_('Power_node_16', 'Power', 'Power')",1.0,1.0,0.0,1.0,1.0,1.0,1.0,1.0,1.0,1.0
"phi_('Power_node_16', 'Power', 'Power')",10.80638959,10.80638959,0.0,10.80638959,10.80638959,10.80638959,10.80638959,10.80638959,10.80638959,10.80638959
"alpha_('Power_node_17', 'Power', 'Power')",1.0,1.0,0.0,1.0,1.0,1.0,1.0,1.0,1.0,1.0
"phi_('Power_node_17', 'Power', 'Power')",0.316401109,0.316401109,0.0,0.316401109,0.316401109,0.316401109,0.316401109,0.316401109,0.316401109,0.316401109
"alpha_('Power_node_18', 'Power', 'Power')",1.0,1.0,0.0,1.0,1.0,1.0,1.0,1.0,1.0,1.0
"phi_('Power_node_18', 'Power', 'Power')",6.252251204,6.252251204,0.0,6.252251204,6.252251204,6.252251204,6.252251204,6.252251204,6.252251204,6.252251204
"alpha_('Power_node_19', 'Power', 'Power')",1.0,1.0,0.0,1.0,1.0,1.0,1.0,1.0,1.0,1.0
"phi_('Power_node_19', 'Power', 'Power')",23.951840707200223,23.951840707200223,0.0,23.951840707200223,23.951840707200223,23.951840707200223,23.951840707200223,23.951840707200223,23.951840707200223,23.951840707200223
"alpha_('Power_node_20', 'Power', 'Power')",1.0,1.0,0.0,1.0,1.0,1.0,1.0,1.0,1.0,1.0
"phi_('Power_node_20', 'Power', 'Power')",24.000000000099977,24.000000000099977,0.0,24.000000000099977,24.000000000099977,24.000000000099977,24.000000000099977,24.000000000099977,24.000000000099977,24.000000000099977
"alpha_('Power_node_21', 'Power', 'Power')",1.0,1.0,0.0,1.0,1.0,1.0,1.0,1.0,1.0,1.0
"phi_('Power_node_21', 'Power', 'Power')",24.000000000099977,24.000000000099977,0.0,24.000000000099977,24.000000000099977,24.000000000099977,24.000000000099977,24.000000000099977,24.000000000099977,24.000000000099977
"alpha_('Power_node_22', 'Power', 'Power')",1.0,1.0,0.0,1.0,1.0,1.0,1.0,1.0,1.0,1.0
"phi_('Power_node_22', 'Power', 'Power')",24.0000000001,24.0000000001,0.0,24.0000000001,24.0000000001,24.0000000001,24.0000000001,24.0000000001,24.0000000001,24.0000000001
"alpha_('Power_node_23', 'Power', 'Power')",1.0,1.0,0.0,1.0,1.0,1.0,1.0,1.0,1.0,1.0
"phi_('Power_node_23', 'Power', 'Power')",24.0000000001,24.0000000001,0.0,24.0000000001,24.0000000001,24.0000000001,24.0000000001,24.0000000001,24.0000000001,24.0000000001
"alpha_('Power_node_24', 'Power', 'Power')",1.0,1.0,0.0,1.0,1.0,1.0,1.0,1.0,1.0,1.0
"phi_('Power_node_24', 'Power', 'Power')",24.000000000099966,24.000000000099966,0.0,24.000000000099966,24.000000000099966,24.000000000099966,24.000000000099966,24.000000000099966,24.000000000099966,24.000000000099966
"alpha_('Power_node_25', 'Power', 'Power')",1.0,1.0,0.0,1.0,1.0,1.0,1.0,1.0,1.0,1.0
"phi_('Power_node_25', 'Power', 'Power')",23.9000000001,23.9000000001,0.0,23.9000000001,23.9000000001,23.9000000001,23.9000000001,23.9000000001,23.9000000001,23.9000000001
"alpha_('Power_node_26', 'Power', 'Power')",1.0,1.0,0.0,1.0,1.0,1.0,1.0,1.0,1.0,1.0
"phi_('Power_node_26', 'Power', 'Power')",19.09654231,19.09654231,0.0,19.09654231,19.09654231,19.09654231,19.09654231,19.09654231,19.09654231,19.09654231
"alpha_('Power_node_27', 'Power', 'Power')",1.0,1.0,0.0,1.0,1.0,1.0,1.0,1.0,1.0,1.0
"phi_('Power_node_27', 'Power', 'Power')",24.0000000001,24.0000000001,0.0,24.0000000001,24.0000000001,24.0000000001,24.0000000001,24.0000000001,24.0000000001,24.0000000001
"alpha_('Power_node_28', 'Power', 'Power')",1.0,1.0,0.0,1.0,1.0,1.0,1.0,1.0,1.0,1.0
"phi_('Power_node_28', 'Power', 'Power')",24.000000000099977,24.000000000099977,0.0,24.000000000099977,24.000000000099977,24.000000000099977,24.000000000099977,24.000000000099977,24.000000000099977,24.000000000099977
"alpha_('Power_node_29', 'Power', 'Power')",1.0,1.0,0.0,1.0,1.0,1.0,1.0,1.0,1.0,1.0
"phi_('Power_node_29', 'Power', 'Power')",4.382616987,4.382616987,0.0,4.382616987,4.382616987,4.382616987,4.382616987,4.382616987,4.382616987,4.382616987
"alpha_('Power_node_30', 'Power', 'Power')",1.0,1.0,0.0,1.0,1.0,1.0,1.0,1.0,1.0,1.0
"phi_('Power_node_30', 'Power', 'Power')",22.90754838,22.90754838,0.0,22.90754838,22.90754838,22.90754838,22.90754838,22.90754838,22.90754838,22.90754838
"alpha_('Power_node_31', 'Power', 'Power')",1.0,1.0,0.0,1.0,1.0,1.0,1.0,1.0,1.0,1.0
"phi_('Power_node_31', 'Power', 'Power')",22.20482407,22.20482407,0.0,22.20482407,22.20482407,22.20482407,22.20482407,22.20482407,22.20482407,22.20482407
"alpha_('Power_node_32', 'Power', 'Power')",1.0,1.0,0.0,1.0,1.0,1.0,1.0,1.0,1.0,1.0
"phi_('Power_node_32', 'Power', 'Power')",24.000000000099977,24.000000000099977,0.0,24.000000000099977,24.000000000099977,24.000000000099977,24.000000000099977,24.000000000099977,24.000000000099977,24.000000000099977
"alpha_('Power_node_33', 'Power', 'Power')",1.0,1.0,0.0,1.0,1.0,1.0,1.0,1.0,1.0,1.0
"phi_('Power_node_33', 'Power', 'Power')",24.000000000099977,24.000000000099977,0.0,24.000000000099977,24.000000000099977,24.000000000099977,24.000000000099977,24.000000000099977,24.000000000099977,24.000000000099977
"alpha_('Power_node_34', 'Power', 'Power')",1.0,1.0,0.0,1.0,1.0,1.0,1.0,1.0,1.0,1.0
"phi_('Power_node_34', 'Power', 'Power')",9.796453251,9.796453251,0.0,9.796453251,9.796453251,9.796453251,9.796453251,9.796453251,9.796453251,9.796453251
"alpha_('Power_node_35', 'Power', 'Power')",1.0,1.0,0.0,1.0,1.0,1.0,1.0,1.0,1.0,1.0
"phi_('Power_node_35', 'Power', 'Power')",16.02433749,16.02433749,0.0,16.02433749,16.02433749,16.02433749,16.02433749,16.02433749,16.02433749,16.02433749
"alpha_('Power_node_36', 'Power', 'Power')",1.0,1.0,0.0,1.0,1.0,1.0,1.0,1.0,1.0,1.0
"phi_('Power_node_36', 'Power', 'Power')",13.44535955,13.44535955,0.0,13.44535955,13.44535955,13.44535955,13.44535955,13.44535955,13.44535955,13.44535955
"alpha_('Power_node_37', 'Power', 'Power')",1.0,1.0,0.0,1.0,1.0,1.0,1.0,1.0,1.0,1.0
"phi_('Power_node_37', 'Power', 'Power')",19.81595579,19.81595579,0.0,19.81595579,19.81595579,19.81595579,19.81595579,19.81595579,19.81595579,19.81595579
"alpha_('Power_node_38', 'Power', 'Power')",1.0,1.0,0.0,1.0,1.0,1.0,1.0,1.0,1.0,1.0
"phi_('Power_node_38', 'Power', 'Power')",12.95349404,12.95349404,0.0,12.95349404,12.95349404,12.95349404,12.95349404,12.95349404,12.95349404,12.95349404
"alpha_('Power_node_39', 'Power', 'Power')",1.0,1.0,0.0,1.0,1.0,1.0,1.0,1.0,1.0,1.0
"phi_('Power_node_39', 'Power', 'Power')",22.71395364,22.71395364,0.0,22.71395364,22.71395364,22.71395364,22.71395364,22.71395364,22.71395364,22.71395364
"alpha_('Power_node_40', 'Power', 'Power')",1.0,1.0,0.0,1.0,1.0,1.0,1.0,1.0,1.0,1.0
"phi_('Power_node_40', 'Power', 'Power')",16.35711169,16.35711169,0.0,16.35711169,16.35711169,16.35711169,16.35711169,16.35711169,16.35711169,16.35711169
"alpha_('Power_node_41', 'Power', 'Power')",1.0,1.0,0.0,1.0,1.0,1.0,1.0,1.0,1.0,1.0
"phi_('Power_node_41', 'Power', 'Power')",6.208486796,6.208486796,0.0,6.208486796,6.208486796,6.208486796,6.208486796,6.208486796,6.208486796,6.208486796
"alpha_('Power_node_42', 'Power', 'Power')",1.0,1.0,0.0,1.0,1.0,1.0,1.0,1.0,1.0,1.0
"phi_('Power_node_42', 'Power', 'Power')",0.201951604,0.201951604,0.0,0.201951604,0.201951604,0.201951604,0.201951604,0.201951604,0.201951604,0.201951604
"alpha_('Power_node_43', 'Power', 'Power')",1.0,1.0,0.0,1.0,1.0,1.0,1.0,1.0,1.0,1.0
"phi_('Power_node_43', 'Power', 'Power')",2.773539927,2.773539927,0.0,2.773539927,2.773539927,2.773539927,2.773539927,2.773539927,2.773539927,2.773539927
"alpha_('Power_node_44', 'Power', 'Power')",1.0,1.0,0.0,1.0,1.0,1.0,1.0,1.0,1.0,1.0
"phi_('Power_node_44', 'Power', 'Power')",4.515513246,4.515513246,0.0,4.515513246,4.515513246,4.515513246,4.515513246,4.515513246,4.515513246,4.515513246
"alpha_('Power_node_45', 'Power', 'Power')",1.0,1.0,0.0,1.0,1.0,1.0,1.0,1.0,1.0,1.0
"phi_('Power_node_45', 'Power', 'Power')",20.54463635,20.54463635,0.0,20.54463635,20.54463635,20.54463635,20.54463635,20.54463635,20.54463635,20.54463635
"alpha_('Power_node_46', 'Power', 'Power')",1.0,1.0,0.0,1.0,1.0,1.0,1.0,1.0,1.0,1.0
"phi_('Power_node_46', 'Power', 'Power')",24.000000000100002,24.000000000100002,0.0,24.000000000100002,24.000000000100002,24.000000000100002,24.000000000100002,24.000000000100002,24.000000000100002,24.000000000100002
"alpha_('Power_node_47', 'Power', 'Power')",1.0,1.0,0.0,1.0,1.0,1.0,1.0,1.0,1.0,1.0
"phi_('Power_node_47', 'Power', 'Power')",24.0000000001,24.0000000001,0.0,24.0000000001,24.0000000001,24.0000000001,24.0000000001,24.0000000001,24.0000000001,24.0000000001
"alpha_('Power_node_48', 'Power', 'Power')",1.0,1.0,0.0,1.0,1.0,1.0,1.0,1.0,1.0,1.0
"phi_('Power_node_48', 'Power', 'Power')",24.0000000001,24.0000000001,0.0,24.0000000001,24.0000000001,24.0000000001,24.0000000001,24.0000000001,24.0000000001,24.0000000001
"alpha_('Power_node_49', 'Power', 'Power')",1.0,1.0,0.0,1.0,1.0,1.0,1.0,1.0,1.0,1.0
"phi_('Power_node_49', 'Power', 'Power')",23.90000000009998,23.90000000009998,0.0,23.90000000009998,23.90000000009998,23.90000000009998,23.90000000009998,23.90000000009998,23.90000000009998,23.90000000009998
"alpha_('Power_node_50', 'Power', 'Power')",1.0,1.0,0.0,1.0,1.0,1.0,1.0,1.0,1.0,1.0
"phi_('Power_node_50', 'Power', 'Power')",24.000000000099977,24.000000000099977,0.0,24.000000000099977,24.000000000099977,24.000000000099977,24.000000000099977,24.000000000099977,24.000000000099977,24.000000000099977
"alpha_('Water_node_15', 'Water', 'Water')",1.0,1.0,0.0,1.0,1.0,1.0,1.0,1.0,1.0,1.0
"phi_('Water_node_15', 'Water', 'Water')",42.064250004170866,42.064250004170866,0.0,42.064250004170866,42.064250004170866,42.064250004170866,42.064250004170866,42.064250004170866,42.064250004170866,42.064250004170866
"alpha_('Water_node_16', 'Water', 'Water')",1.0,1.0,0.0,1.0,1.0,1.0,1.0,1.0,1.0,1.0
"phi_('Water_node_16', 'Water', 'Water')",42.444971370000005,42.444971370000005,0.0,42.444971370000005,42.444971370000005,42.444971370000005,42.444971370000005,42.444971370000005,42.444971370000005,42.444971370000005
"alpha_('Water_node_17', 'Water', 'Water')",1.0,1.0,0.0,1.0,1.0,1.0,1.0,1.0,1.0,1.0
"phi_('Water_node_17', 'Water', 'Water')",42.00000000009997,42.00000000009997,0.0,42.00000000009997,42.00000000009997,42.00000000009997,42.00000000009997,42.00000000009997,42.00000000009997,42.00000000009997
"alpha_('Water_node_18', 'Water', 'Water')",1.0,1.0,0.0,1.0,1.0,1.0,1.0,1.0,1.0,1.0
"phi_('Water_node_18', 'Water', 'Water')",23.187,23.187,0.0,23.187,23.187,23.187,23.187,23.187,23.187,23.187
"alpha_('Water_node_19', 'Water', 'Water')",1.0,1.0,0.0,1.0,1.0,1.0,1.0,1.0,1.0,1.0
"phi_('Water_node_19', 'Water', 'Water')",41.999999995629196,41.999999995629196,0.0,41.999999995629196,41.999999995629196,41.999999995629196,41.999999995629196,41.999999995629196,41.999999995629196,41.999999995629196
"alpha_('Water_node_20', 'Water', 'Water')",1.0,1.0,0.0,1.0,1.0,1.0,1.0,1.0,1.0,1.0
"phi_('Water_node_20', 'Water', 'Water')",7.493,7.493,0.0,7.493,7.493,7.493,7.493,7.493,7.493,7.493
"alpha_('Water_node_21', 'Water', 'Water')",1.0,1.0,0.0,1.0,1.0,1.0,1.0,1.0,1.0,1.0
"phi_('Water_node_21', 'Water', 'Water')",14.845,14.845,0.0,14.845,14.845,14.845,14.845,14.845,14.845,14.845
"alpha_('Water_node_22', 'Water', 'Water')",1.0,1.0,0.0,1.0,1.0,1.0,1.0,1.0,1.0,1.0
"phi_('Water_node_22', 'Water', 'Water')",42.00000000009998,42.00000000009998,0.0,42.00000000009998,42.00000000009998,42.00000000009998,42.00000000009998,42.00000000009998,42.00000000009998,42.00000000009998
"alpha_('Water_node_23', 'Water', 'Water')",1.0,1.0,0.0,1.0,1.0,1.0,1.0,1.0,1.0,1.0
"phi_('Water_node_23', 'Water', 'Water')",23.465,23.465,0.0,23.465,23.465,23.465,23.465,23.465,23.465,23.465
"alpha_('Water_node_24', 'Water', 'Water')",1.0,1.0,0.0,1.0,1.0,1.0,1.0,1.0,1.0,1.0
"phi_('Water_node_24', 'Water', 'Water')",47.3000000001,47.3000000001,0.0,47.3000000001,47.3000000001,47.3000000001,47.3000000001,47.3000000001,47.3000000001,47.3000000001
"alpha_('Water_node_25', 'Water', 'Water')",1.0,1.0,0.0,1.0,1.0,1.0,1.0,1.0,1.0,1.0
"phi_('Water_node_25', 'Water', 'Water')",25.743,25.743,0.0,25.743,25.743,25.743,25.743,25.743,25.743,25.743
"alpha_('Water_node_26', 'Water', 'Water')",1.0,1.0,0.0,1.0,1.0,1.0,1.0,1.0,1.0,1.0
"phi_('Water_node_26', 'Water', 'Water')",31.052,31.052,0.0,31.052,31.052,31.052,31.052,31.052,31.052,31.052
"alpha_('Water_node_27', 'Water', 'Water')",1.0,1.0,0.0,1.0,1.0,1.0,1.0,1.0,1.0,1.0
"phi_('Water_node_27', 'Water', 'Water')",47.200000000100005,47.200000000100005,0.0,47.200000000100005,47.200000000100005,47.200000000100005,47.200000000100005,47.200000000100005,47.200000000100005,47.200000000100005
"alpha_('Water_node_28', 'Water', 'Water')",1.0,1.0,0.0,1.0,1.0,1.0,1.0,1.0,1.0,1.0
"phi_('Water_node_28', 'Water', 'Water')",34.91215597,34.91215597,0.0,34.91215597,34.91215597,34.91215597,34.91215597,34.91215597,34.91215597,34.91215597
"alpha_('Water_node_29', 'Water', 'Water')",1.0,1.0,0.0,1.0,1.0,1.0,1.0,1.0,1.0,1.0
"phi_('Water_node_29', 'Water', 'Water')",40.688,40.688,0.0,40.688,40.688,40.688,40.688,40.688,40.688,40.688
"alpha_('Water_node_30', 'Water', 'Water')",1.0,1.0,0.0,1.0,1.0,1.0,1.0,1.0,1.0,1.0
"phi_('Water_node_30', 'Water', 'Water')",47.30000000010001,47.30000000010001,0.0,47.30000000010001,47.30000000010001,47.30000000010001,47.30000000010001,47.30000000010001,47.30000000010001,47.30000000010001
"alpha_('Water_node_31', 'Water', 'Water')",1.0,1.0,0.0,1.0,1.0,1.0,1.0,1.0,1.0,1.0
"phi_('Water_node_31', 'Water', 'Water')",15.775,15.775,0.0,15.775,15.775,15.775,15.775,15.775,15.775,15.775
"alpha_('Water_node_32', 'Water', 'Water')",1.0,1.0,0.0,1.0,1.0,1.0,1.0,1.0,1.0,1.0
"phi_('Water_node_32', 'Water', 'Water')",18.839594039999994,18.839594039999994,0.0,18.839594039999994,18.839594039999994,18.839594039999994,18.839594039999994,18.839594039999994,18.839594039999994,18.839594039999994
"alpha_('Water_node_33', 'Water', 'Water')",1.0,1.0,0.0,1.0,1.0,1.0,1.0,1.0,1.0,1.0
"phi_('Water_node_33', 'Water', 'Water')",38.4,38.4,0.0,38.4,38.4,38.4,38.4,38.4,38.4,38.4
"alpha_('Water_node_34', 'Water', 'Water')",1.0,1.0,0.0,1.0,1.0,1.0,1.0,1.0,1.0,1.0
"phi_('Water_node_34', 'Water', 'Water')",47.21802862519843,47.21802862519843,0.0,47.21802862519843,47.21802862519843,47.21802862519843,47.21802862519843,47.21802862519843,47.21802862519843,47.21802862519843
"alpha_('Water_node_35', 'Water', 'Water')",1.0,1.0,0.0,1.0,1.0,1.0,1.0,1.0,1.0,1.0
"phi_('Water_node_35', 'Water', 'Water')",21.835999999999995,21.835999999999995,0.0,21.835999999999995,21.835999999999995,21.835999999999995,21.835999999999995,21.835999999999995,21.835999999999995,21.835999999999995
"alpha_('Water_node_36', 'Water', 'Water')",1.0,1.0,0.0,1.0,1.0,1.0,1.0,1.0,1.0,1.0
"phi_('Water_node_36', 'Water', 'Water')",4.787,4.787,0.0,4.787,4.787,4.787,4.787,4.787,4.787,4.787
"alpha_('Water_node_37', 'Water', 'Water')",1.0,1.0,0.0,1.0,1.0,1.0,1.0,1.0,1.0,1.0
"phi_('Water_node_37', 'Water', 'Water')",0.503,0.503,0.0,0.503,0.503,0.503,0.503,0.503,0.503,0.503
"alpha_('Water_node_38', 'Water', 'Water')",1.0,1.0,0.0,1.0,1.0,1.0,1.0,1.0,1.0,1.0
"phi_('Water_node_38', 'Water', 'Water')",18.15,18.15,0.0,18.15,18.15,18.15,18.15,18.15,18.15,18.15
"alpha_('Water_node_39', 'Water', 'Water')",1.0,1.0,0.0,1.0,1.0,1.0,1.0,1.0,1.0,1.0
"phi_('Water_node_39', 'Water', 'Water')",8.237,8.237,0.0,8.237,8.237,8.237,8.237,8.237,8.237,8.237
"alpha_('Water_node_40', 'Water', 'Water')",1.0,1.0,0.0,1.0,1.0,1.0,1.0,1.0,1.0,1.0
"phi_('Water_node_40', 'Water', 'Water')",1.483,1.483,0.0,1.483,1.483,1.483,1.483,1.483,1.483,1.483
"alpha_('Water_node_41', 'Water', 'Water')",1.0,1.0,0.0,1.0,1.0,1.0,1.0,1.0,1.0,1.0
"phi_('Water_node_41', 'Water', 'Water')",4.046,4.046,0.0,4.046,4.046,4.046,4.046,4.046,4.046,4.046
"alpha_('Water_node_42', 'Water', 'Water')",1.0,1.0,0.0,1.0,1.0,1.0,1.0,1.0,1.0,1.0
"phi_('Water_node_42', 'Water', 'Water')",2.958,2.958,0.0,2.958,2.958,2.958,2.958,2.958,2.958,2.958
"alpha_('Water_node_43', 'Water', 'Water')",1.0,1.0,0.0,1.0,1.0,1.0,1.0,1.0,1.0,1.0
"phi_('Water_node_43', 'Water', 'Water')",7.225,7.225,0.0,7.225,7.225,7.225,7.225,7.225,7.225,7.225
"alpha_('Water_node_44', 'Water', 'Water')",1.0,1.0,0.0,1.0,1.0,1.0,1.0,1.0,1.0,1.0
"phi_('Water_node_44', 'Water', 'Water')",0.422,0.422,0.0,0.422,0.422,0.422,0.422,0.422,0.422,0.422
"alpha_('Water_node_45', 'Water', 'Water')",1.0,1.0,0.0,1.0,1.0,1.0,1.0,1.0,1.0,1.0
"phi_('Water_node_45', 'Water', 'Water')",1.738,1.738,0.0,1.738,1.738,1.738,1.738,1.738,1.738,1.738
"alpha_('Water_node_46', 'Water', 'Water')",1.0,1.0,0.0,1.0,1.0,1.0,1.0,1.0,1.0,1.0
"phi_('Water_node_46', 'Water', 'Water')",0.985,0.985,0.0,0.985,0.985,0.985,0.985,0.985,0.985,0.985
"alpha_('Water_node_47', 'Water', 'Water')",1.0,1.0,0.0,1.0,1.0,1.0,1.0,1.0,1.0,1.0
"phi_('Water_node_47', 'Water', 'Water')",1.408,1.408,0.0,1.408,1.408,1.408,1.408,1.408,1.408,1.408
"alpha_('Water_node_48', 'Water', 'Water')",1.0,1.0,0.0,1.0,1.0,1.0,1.0,1.0,1.0,1.0
"phi_('Water_node_48', 'Water', 'Water')",2.295,2.295,0.0,2.295,2.295,2.295,2.295,2.295,2.295,2.295
"log_phi_('Gas_node_3', 'Gas', 'Gas')",4.94092788167215,4.94092788167215,0.0,4.94092788167215,4.94092788167215,4.94092788167215,4.94092788167215,4.94092788167215,4.94092788167215,4.94092788167215
"log_phi_('Gas_node_4', 'Gas', 'Gas')",4.859036909945917,4.859036909945917,0.0,4.859036909945917,4.859036909945917,4.859036909945917,4.859036909945917,4.859036909945917,4.859036909945917,4.859036909945917
"log_phi_('Gas_node_5', 'Gas', 'Gas')",4.855928904336053,4.855928904336053,0.0,4.855928904336053,4.855928904336053,4.855928904336053,4.855928904336053,4.855928904336053,4.855928904336053,4.855928904336053
"log_phi_('Gas_node_6', 'Gas', 'Gas')",2.8735646395797834,2.8735646395797834,0.0,2.8735646395797834,2.8735646395797834,2.8735646395797834,2.8735646395797834,2.8735646395797834,2.8735646395797834,2.8735646395797834
"log_phi_('Gas_node_7', 'Gas', 'Gas')",3.131136910560194,3.131136910560194,0.0,3.131136910560194,3.131136910560194,3.131136910560194,3.131136910560194,3.131136910560194,3.131136910560194,3.131136910560194
"log_phi_('Gas_node_8', 'Gas', 'Gas')",4.22829253473184,4.22829253473184,0.0,4.22829253473184,4.22829253473184,4.22829253473184,4.22829253473184,4.22829253473184,4.22829253473184,4.22829253473184
"log_phi_('Gas_node_9', 'Gas', 'Gas')",3.8501476017100584,3.8501476017100584,0.0,3.8501476017100584,3.8501476017100584,3.8501476017100584,3.8501476017100584,3.8501476017100584,3.8501476017100584,3.8501476017100584
"log_phi_('Gas_node_10', 'Gas', 'Gas')",2.5952547069568657,2.5952547069568657,0.0,2.5952547069568657,2.5952547069568657,2.5952547069568657,2.5952547069568657,2.5952547069568657,2.5952547069568657,2.5952547069568657
"log_phi_('Gas_node_11', 'Gas', 'Gas')",1.2237754316221157,1.2237754316221157,0.0,1.2237754316221157,1.2237754316221157,1.2237754316221157,1.2237754316221157,1.2237754316221157,1.2237754316221157,1.2237754316221157
"log_phi_('Gas_node_12', 'Gas', 'Gas')",2.653241964607215,2.653241964607215,0.0,2.653241964607215,2.653241964607215,2.653241964607215,2.653241964607215,2.653241964607215,2.653241964607215,2.653241964607215
"log_phi_('Gas_node_13', 'Gas', 'Gas')",3.2308043957334744,3.2308043957334744,0.0,3.2308043957334744,3.2308043957334744,3.2308043957334744,3.2308043957334744,3.2308043957334744,3.2308043957334744,3.2308043957334744
"log_phi_('Gas_node_14', 'Gas', 'Gas')",2.4423470353692043,2.4423470353692043,0.0,2.4423470353692043,2.4423470353692043,2.4423470353692043,2.4423470353692043,2.4423470353692043,2.4423470353692043,2.4423470353692043
"log_phi_('Gas_node_15', 'Gas', 'Gas')",4.85515039125664,4.85515039125664,0.0,4.85515039125664,4.85515039125664,4.85515039125664,4.85515039125664,4.85515039125664,4.85515039125664,4.85515039125664
"log_phi_('Power_node_9', 'Power', 'Power')",2.2801324582216305,2.2801324582216305,0.0,2.2801324582216305,2.2801324582216305,2.2801324582216305,2.2801324582216305,2.2801324582216305,2.2801324582216305,2.2801324582216305
"log_phi_('Power_node_10', 'Power', 'Power')",3.178053830352112,3.178053830352112,0.0,3.178053830352112,3.178053830352112,3.178053830352112,3.178053830352112,3.178053830352112,3.178053830352112,3.178053830352112
"log_phi_('Power_node_11', 'Power', 'Power')",3.178053830394471,3.178053830394471,0.0,3.178053830394471,3.178053830394471,3.178053830394471,3.178053830394471,3.178053830394471,3.178053830394471,3.178053830394471
"log_phi_('Power_node_12', 'Power', 'Power')",2.979048274946203,2.979048274946203,0.0,2.979048274946203,2.979048274946203,2.979048274946203,2.979048274946203,2.979048274946203,2.979048274946203,2.979048274946203
"log_phi_('Power_node_13', 'Power', 'Power')",3.178053830352112,3.178053830352112,0.0,3.178053830352112,3.178053830352112,3.178053830352112,3.178053830352112,3.178053830352112,3.178053830352112,3.178053830352112
"log_phi_('Power_node_14', 'Power', 'Power')",2.817005264027327,2.817005264027327,0.0,2.817005264027327,2.817005264027327,2.817005264027327,2.817005264027327,2.817005264027327,2.817005264027327,2.817005264027327
"log_phi_('Power_node_15', 'Power', 'Power')",2.8188187674566336,2.8188187674566336,0.0,2.8188187674566336,2.8188187674566336,2.8188187674566336,2.8188187674566336,2.8188187674566336,2.8188187674566336,2.8188187674566336
"log_phi_('Power_node_16', 'Power', 'Power')",2.380137587890614,2.380137587890614,0.0,2.380137587890614,2.380137587890614,2.380137587890614,2.380137587890614,2.380137587890614,2.380137587890614,2.380137587890614
"log_phi_('Power_node_17', 'Power', 'Power')",-1.150744538037891,-1.150744538037891,0.0,-1.150744538037891,-1.150744538037891,-1.150744538037891,-1.150744538037891,-1.150744538037891,-1.150744538037891,-1.150744538037891
"log_phi_('Power_node_18', 'Power', 'Power')",1.832941591534514,1.832941591534514,0.0,1.832941591534514,1.832941591534514,1.832941591534514,1.832941591534514,1.832941591534514,1.832941591534514,1.832941591534514
"log_phi_('Power_node_19', 'Power', 'Power')",3.1760430010048935,3.1760430010048935,0.0,3.1760430010048935,3.1760430010048935,3.1760430010048935,3.1760430010048935,3.1760430010048935,3.1760430010048935,3.1760430010048935
"log_phi_('Power_node_20', 'Power', 'Power')",3.1780538304209798,3.1780538304209798,0.0,3.1780538304209798,3.1780538304209798,3.1780538304209798,3.1780538304209798,3.1780538304209798,3.1780538304209798,3.1780538304209798
"log_phi_('Power_node_21', 'Power', 'Power')",3.1780538304481305,3.1780538304481305,0.0,3.1780538304481305,3.1780538304481305,3.1780538304481305,3.1780538304481305,3.1780538304481305,3.1780538304481305,3.1780538304481305
"log_phi_('Power_node_22', 'Power', 'Power')",3.1780538303913195,3.1780538303913195,0.0,3.1780538303913195,3.1780538303913195,3.1780538303913195,3.1780538303913195,3.1780538303913195,3.1780538303913195,3.1780538303913195
"log_phi_('Power_node_23', 'Power', 'Power')",3.178053830352112,3.178053830352112,0.0,3.178053830352112,3.178053830352112,3.178053830352112,3.178053830352112,3.178053830352112,3.178053830352112,3.178053830352112
"log_phi_('Power_node_24', 'Power', 'Power')",3.178053830352112,3.178053830352112,0.0,3.178053830352112,3.178053830352112,3.178053830352112,3.178053830352112,3.178053830352112,3.178053830352112,3.178053830352112
"log_phi_('Power_node_25', 'Power', 'Power')",3.173878458941649,3.173878458941649,0.0,3.173878458941649,3.173878458941649,3.173878458941649,3.173878458941649,3.173878458941649,3.173878458941649,3.173878458941649
"log_phi_('Power_node_26', 'Power', 'Power')",2.9495072877744626,2.9495072877744626,0.0,2.9495072877744626,2.9495072877744626,2.9495072877744626,2.9495072877744626,2.9495072877744626,2.9495072877744626,2.9495072877744626
"log_phi_('Power_node_27', 'Power', 'Power')",3.1780538304225323,3.1780538304225323,0.0,3.1780538304225323,3.1780538304225323,3.1780538304225323,3.1780538304225323,3.1780538304225323,3.1780538304225323,3.1780538304225323
"log_phi_('Power_node_28', 'Power', 'Power')",3.178053830390078,3.178053830390078,0.0,3.178053830390078,3.178053830390078,3.178053830390078,3.178053830390078,3.178053830390078,3.178053830390078,3.178053830390078
"log_phi_('Power_node_29', 'Power', 'Power')",1.477646031581329,1.477646031581329,0.0,1.477646031581329,1.477646031581329,1.477646031581329,1.477646031581329,1.477646031581329,1.477646031581329,1.477646031581329
"log_phi_('Power_node_30', 'Power', 'Power')",3.1314664798270626,3.1314664798270626,0.0,3.1314664798270626,3.1314664798270626,3.1314664798270626,3.1314664798270626,3.1314664798270626,3.1314664798270626,3.1314664798270626
"log_phi_('Power_node_31', 'Power', 'Power')",3.100309565722361,3.100309565722361,0.0,3.100309565722361,3.100309565722361,3.100309565722361,3.100309565722361,3.100309565722361,3.100309565722361,3.100309565722361
"log_phi_('Power_node_32', 'Power', 'Power')",3.178053830423187,3.178053830423187,0.0,3.178053830423187,3.178053830423187,3.178053830423187,3.178053830423187,3.178053830423187,3.178053830423187,3.178053830423187
"log_phi_('Power_node_33', 'Power', 'Power')",3.1780538304188064,3.1780538304188064,0.0,3.1780538304188064,3.1780538304188064,3.1780538304188064,3.1780538304188064,3.1780538304188064,3.1780538304188064,3.1780538304188064
"log_phi_('Power_node_34', 'Power', 'Power')",2.2820204070068866,2.2820204070068866,0.0,2.2820204070068866,2.2820204070068866,2.2820204070068866,2.2820204070068866,2.2820204070068866,2.2820204070068866,2.2820204070068866
"log_phi_('Power_node_35', 'Power', 'Power')",2.774108659674427,2.774108659674427,0.0,2.774108659674427,2.774108659674427,2.774108659674427,2.774108659674427,2.774108659674427,2.774108659674427,2.774108659674427
"log_phi_('Power_node_36', 'Power', 'Power')",2.598634031646636,2.598634031646636,0.0,2.598634031646636,2.598634031646636,2.598634031646636,2.598634031646636,2.598634031646636,2.598634031646636,2.598634031646636
"log_phi_('Power_node_37', 'Power', 'Power')",2.9864874611591357,2.9864874611591357,0.0,2.9864874611591357,2.9864874611591357,2.9864874611591357,2.9864874611591357,2.9864874611591357,2.9864874611591357,2.9864874611591357
"log_phi_('Power_node_38', 'Power', 'Power')",2.561365561791974,2.561365561791974,0.0,2.561365561791974,2.561365561791974,2.561365561791974,2.561365561791974,2.561365561791974,2.561365561791974,2.561365561791974
"log_phi_('Power_node_39', 'Power', 'Power')",3.122979433435409,3.122979433435409,0.0,3.122979433435409,3.122979433435409,3.122979433435409,3.122979433435409,3.122979433435409,3.122979433435409,3.122979433435409
"log_phi_('Power_node_40', 'Power', 'Power')",2.7946627685223184,2.7946627685223184,0.0,2.7946627685223184,2.7946627685223184,2.7946627685223184,2.7946627685223184,2.7946627685223184,2.7946627685223184,2.7946627685223184
"log_phi_('Power_node_41', 'Power', 'Power')",1.8259171941108006,1.8259171941108006,0.0,1.8259171941108006,1.8259171941108006,1.8259171941108006,1.8259171941108006,1.8259171941108006,1.8259171941108006,1.8259171941108006
"log_phi_('Power_node_42', 'Power', 'Power')",-1.5997271944442175,-1.5997271944442175,0.0,-1.5997271944442175,-1.5997271944442175,-1.5997271944442175,-1.5997271944442175,-1.5997271944442175,-1.5997271944442175,-1.5997271944442175
"log_phi_('Power_node_43', 'Power', 'Power')",1.0201244562992025,1.0201244562992025,0.0,1.0201244562992025,1.0201244562992025,1.0201244562992025,1.0201244562992025,1.0201244562992025,1.0201244562992025,1.0201244562992025
"log_phi_('Power_node_44', 'Power', 'Power')",1.507518856155859,1.507518856155859,0.0,1.507518856155859,1.507518856155859,1.507518856155859,1.507518856155859,1.507518856155859,1.507518856155859,1.507518856155859
"log_phi_('Power_node_45', 'Power', 'Power')",3.0225999020083654,3.0225999020083654,0.0,3.0225999020083654,3.0225999020083654,3.0225999020083654,3.0225999020083654,3.0225999020083654,3.0225999020083654,3.0225999020083654
"log_phi_('Power_node_46', 'Power', 'Power')",3.1780538304243033,3.1780538304243033,0.0,3.1780538304243033,3.1780538304243033,3.1780538304243033,3.1780538304243033,3.1780538304243033,3.1780538304243033,3.1780538304243033
"log_phi_('Power_node_47', 'Power', 'Power')",3.1780538303882935,3.1780538303882935,0.0,3.1780538303882935,3.1780538303882935,3.1780538303882935,3.1780538303882935,3.1780538303882935,3.1780538303882935,3.1780538303882935
"log_phi_('Power_node_48', 'Power', 'Power')",3.1780538304031527,3.1780538304031527,0.0,3.1780538304031527,3.1780538304031527,3.1780538304031527,3.1780538304031527,3.1780538304031527,3.1780538304031527,3.1780538304031527
"log_phi_('Power_node_49', 'Power', 'Power')",3.173878458941649,3.173878458941649,0.0,3.173878458941649,3.173878458941649,3.173878458941649,3.173878458941649,3.173878458941649,3.173878458941649,3.173878458941649
"log_phi_('Power_node_50', 'Power', 'Power')",3.178053830433075,3.178053830433075,0.0,3.178053830433075,3.178053830433075,3.178053830433075,3.178053830433075,3.178053830433075,3.178053830433075,3.178053830433075
"log_phi_('Water_node_15', 'Water', 'Water')",3.7391975620277473,3.7391975620277473,0.0,3.7391975620277473,3.7391975620277473,3.7391975620277473,3.7391975620277473,3.7391975620277473,3.7391975620277473,3.7391975620277473
"log_phi_('Water_node_16', 'Water', 'Water')",3.748207758958689,3.748207758958689,0.0,3.748207758958689,3.748207758958689,3.748207758958689,3.748207758958689,3.748207758958689,3.748207758958689,3.748207758958689
"log_phi_('Water_node_17', 'Water', 'Water')",3.737669618285749,3.737669618285749,0.0,3.737669618285749,3.737669618285749,3.737669618285749,3.737669618285749,3.737669618285749,3.737669618285749,3.737669618285749
"log_phi_('Water_node_18', 'Water', 'Water')",3.1435917767928436,3.1435917767928436,0.0,3.1435917767928436,3.1435917767928436,3.1435917767928436,3.1435917767928436,3.1435917767928436,3.1435917767928436,3.1435917767928436
"log_phi_('Water_node_19', 'Water', 'Water')",3.737669618285749,3.737669618285749,0.0,3.737669618285749,3.737669618285749,3.737669618285749,3.737669618285749,3.737669618285749,3.737669618285749,3.737669618285749
"log_phi_('Water_node_20', 'Water', 'Water')",2.0139692513821736,2.0139692513821736,0.0,2.0139692513821736,2.0139692513821736,2.0139692513821736,2.0139692513821736,2.0139692513821736,2.0139692513821736,2.0139692513821736
"log_phi_('Water_node_21', 'Water', 'Water')",2.697663108215723,2.697663108215723,0.0,2.697663108215723,2.697663108215723,2.697663108215723,2.697663108215723,2.697663108215723,2.697663108215723,2.697663108215723
"log_phi_('Water_node_22', 'Water', 'Water')",3.737669618285749,3.737669618285749,0.0,3.737669618285749,3.737669618285749,3.737669618285749,3.737669618285749,3.737669618285749,3.737669618285749,3.737669618285749
"log_phi_('Water_node_23', 'Water', 'Water')",3.155509949246381,3.155509949246381,0.0,3.155509949246381,3.155509949246381,3.155509949246381,3.155509949246381,3.155509949246381,3.155509949246381,3.155509949246381
"log_phi_('Water_node_24', 'Water', 'Water')",3.8565102955000015,3.8565102955000015,0.0,3.8565102955000015,3.8565102955000015,3.8565102955000015,3.8565102955000015,3.8565102955000015,3.8565102955000015,3.8565102955000015
"log_phi_('Water_node_25', 'Water', 'Water')",3.2481627454930937,3.2481627454930937,0.0,3.2481627454930937,3.2481627454930937,3.2481627454930937,3.2481627454930937,3.2481627454930937,3.2481627454930937,3.2481627454930937
"log_phi_('Water_node_26', 'Water', 'Water')",3.435663218543434,3.435663218543434,0.0,3.435663218543434,3.435663218543434,3.435663218543434,3.435663218543434,3.435663218543434,3.435663218543434,3.435663218543434
"log_phi_('Water_node_27', 'Water', 'Water')",3.8543938925936283,3.8543938925936283,0.0,3.8543938925936283,3.8543938925936283,3.8543938925936283,3.8543938925936283,3.8543938925936283,3.8543938925936283,3.8543938925936283
"log_phi_('Water_node_28', 'Water', 'Water')",3.5528346397460973,3.5528346397460973,0.0,3.5528346397460973,3.5528346397460973,3.5528346397460973,3.5528346397460973,3.5528346397460973,3.5528346397460973,3.5528346397460973
"log_phi_('Water_node_29', 'Water', 'Water')",3.705933208679764,3.705933208679764,0.0,3.705933208679764,3.705933208679764,3.705933208679764,3.705933208679764,3.705933208679764,3.705933208679764,3.705933208679764
"log_phi_('Water_node_30', 'Water', 'Water')",3.8565102955000015,3.8565102955000015,0.0,3.8565102955000015,3.8565102955000015,3.8565102955000015,3.8565102955000015,3.8565102955000015,3.8565102955000015,3.8565102955000015
"log_phi_('Water_node_31', 'Water', 'Water')",2.758426408427276,2.758426408427276,0.0,2.758426408427276,2.758426408427276,2.758426408427276,2.758426408427276,2.758426408427276,2.758426408427276,2.758426408427276
"log_phi_('Water_node_32', 'Water', 'Water')",2.935959861107033,2.935959861107033,0.0,2.935959861107033,2.935959861107033,2.935959861107033,2.935959861107033,2.935959861107033,2.935959861107033,2.935959861107033
"log_phi_('Water_node_33', 'Water', 'Water')",3.648057459593681,3.648057459593681,0.0,3.648057459593681,3.648057459593681,3.648057459593681,3.648057459593681,3.648057459593681,3.648057459593681,3.648057459593681
"log_phi_('Water_node_34', 'Water', 'Water')",3.85477545093919,3.85477545093919,0.0,3.85477545093919,3.85477545093919,3.85477545093919,3.85477545093919,3.85477545093919,3.85477545093919,3.85477545093919
"log_phi_('Water_node_35', 'Water', 'Water')",3.083559983919511,3.083559983919511,0.0,3.083559983919511,3.083559983919511,3.083559983919511,3.083559983919511,3.083559983919511,3.083559983919511,3.083559983919511
"log_phi_('Water_node_36', 'Water', 'Water')",1.565903910410372,1.565903910410372,0.0,1.565903910410372,1.565903910410372,1.565903910410372,1.565903910410372,1.565903910410372,1.565903910410372,1.565903910410372
"log_phi_('Water_node_37', 'Water', 'Water')",-0.6871651088823978,-0.6871651088823978,0.0,-0.6871651088823978,-0.6871651088823978,-0.6871651088823978,-0.6871651088823978,-0.6871651088823978,-0.6871651088823978,-0.6871651088823978
"log_phi_('Water_node_38', 'Water', 'Water')",2.8986705607108596,2.8986705607108596,0.0,2.8986705607108596,2.8986705607108596,2.8986705607108596,2.8986705607108596,2.8986705607108596,2.8986705607108596,2.8986705607108596
"log_phi_('Water_node_39', 'Water', 'Water')",2.1086361999591112,2.1086361999591112,0.0,2.1086361999591112,2.1086361999591112,2.1086361999591112,2.1086361999591112,2.1086361999591112,2.1086361999591112,2.1086361999591112
"log_phi_('Water_node_40', 'Water', 'Water')",0.3940670631557951,0.3940670631557951,0.0,0.3940670631557951,0.3940670631557951,0.3940670631557951,0.3940670631557951,0.3940670631557951,0.3940670631557951,0.3940670631557951
"log_phi_('Water_node_41', 'Water', 'Water')",1.3977287387455537,1.3977287387455537,0.0,1.3977287387455537,1.3977287387455537,1.3977287387455537,1.3977287387455537,1.3977287387455537,1.3977287387455537,1.3977287387455537
"log_phi_('Water_node_42', 'Water', 'Water')",1.0845133642886082,1.0845133642886082,0.0,1.0845133642886082,1.0845133642886082,1.0845133642886082,1.0845133642886082,1.0845133642886082,1.0845133642886082,1.0845133642886082
"log_phi_('Water_node_43', 'Water', 'Water')",1.9775472339984959,1.9775472339984959,0.0,1.9775472339984959,1.9775472339984959,1.9775472339984959,1.9775472339984959,1.9775472339984959,1.9775472339984959,1.9775472339984959
"log_phi_('Water_node_44', 'Water', 'Water')",-0.8627499649461253,-0.8627499649461253,0.0,-0.8627499649461253,-0.8627499649461253,-0.8627499649461253,-0.8627499649461253,-0.8627499649461253,-0.8627499649461253,-0.8627499649461253
"log_phi_('Water_node_45', 'Water', 'Water')",0.5527350268432016,0.5527350268432016,0.0,0.5527350268432016,0.5527350268432016,0.5527350268432016,0.5527350268432016,0.5527350268432016,0.5527350268432016,0.5527350268432016
"log_phi_('Water_node_46', 'Water', 'Water')",-0.015113637810049596,-0.015113637810049596,0.0,-0.015113637810049596,-0.015113637810049596,-0.015113637810049596,-0.015113637810049596,-0.015113637810049596,-0.015113637810049596,-0.015113637810049596
"log_phi_('Water_node_47', 'Water', 'Water')",0.3421702577358506,0.3421702577358506,0.0,0.3421702577358506,0.3421702577358506,0.3421702577358506,0.3421702577358506,0.3421702577358506,0.3421702577358506,0.3421702577358506
"log_phi_('Water_node_48', 'Water', 'Water')",0.8307328435125084,0.8307328435125084,0.0,0.8307328435125084,0.8307328435125084,0.8307328435125084,0.8307328435125084,0.8307328435125084,0.8307328435125084,0.8307328435125084
"delta_plus_('Gas_node_0', 'Gas', 'Gas')",0.0,0.0,0.0,0.0,0.0,0.0,0.0,0.0,0.0,0.0
"delta_plus_('Gas_node_1', 'Gas', 'Gas')",0.0,0.0,0.0,0.0,0.0,0.0,0.0,0.0,0.0,0.0
"delta_plus_('Gas_node_2', 'Gas', 'Gas')",0.30000019176491577,0.30000019176491577,0.0,0.30000019176491577,0.30000019176491577,0.30000019176491577,0.30000019176491577,0.30000019176491577,0.30000019176491577,0.30000019176491577
"delta_plus_('Power_node_0', 'Power', 'Power')",0.0,0.0,0.0,0.0,0.0,0.0,0.0,0.0,0.0,0.0
"delta_plus_('Power_node_1', 'Power', 'Power')",2.1316282072803006e-14,2.1316282072803006e-14,0.0,2.1316282072803006e-14,2.1316282072803006e-14,2.1316282072803006e-14,2.1316282072803006e-14,2.1316282072803006e-14,2.1316282072803006e-14,2.1316282072803006e-14
"delta_plus_('Power_node_2', 'Power', 'Power')",5.329070518200751e-15,5.329070518200751e-15,0.0,5.329070518200751e-15,5.329070518200751e-15,5.329070518200751e-15,5.329070518200751e-15,5.329070518200751e-15,5.329070518200751e-15,5.329070518200751e-15
"delta_plus_('Power_node_3', 'Power', 'Power')",0.0,0.0,0.0,0.0,0.0,0.0,0.0,0.0,0.0,0.0
"delta_plus_('Power_node_4', 'Power', 'Power')",-7.105427357601002e-15,-7.105427357601002e-15,0.0,-7.105427357601002e-15,-7.105427357601002e-15,-7.105427357601002e-15,-7.105427357601002e-15,-7.105427357601002e-15,-7.105427357601002e-15,-7.105427357601002e-15
"delta_plus_('Power_node_5', 'Power', 'Power')",1.0658141036401503e-14,1.0658141036401503e-14,0.0,1.0658141036401503e-14,1.0658141036401503e-14,1.0658141036401503e-14,1.0658141036401503e-14,1.0658141036401503e-14,1.0658141036401503e-14,1.0658141036401503e-14
"delta_plus_('Power_node_6', 'Power', 'Power')",-1.7763568394002505e-15,-1.7763568394002505e-15,0.0,-1.7763568394002505e-15,-1.7763568394002505e-15,-1.7763568394002505e-15,-1.7763568394002505e-15,-1.7763568394002505e-15,-1.7763568394002505e-15,-1.7763568394002505e-15
"delta_plus_('Power_node_7', 'Power', 'Power')",0.0,0.0,0.0,0.0,0.0,0.0,0.0,0.0,0.0,0.0
"delta_plus_('Power_node_8', 'Power', 'Power')",0.0,0.0,0.0,0.0,0.0,0.0,0.0,0.0,0.0,0.0
"delta_plus_('Water_node_0', 'Water', 'Water')",0.0,0.0,0.0,0.0,0.0,0.0,0.0,0.0,0.0,0.0
"delta_plus_('Water_node_1', 'Water', 'Water')",-1.7763568394002505e-15,-1.7763568394002505e-15,0.0,-1.7763568394002505e-15,-1.7763568394002505e-15,-1.7763568394002505e-15,-1.7763568394002505e-15,-1.7763568394002505e-15,-1.7763568394002505e-15,-1.7763568394002505e-15
"delta_plus_('Water_node_2', 'Water', 'Water')",0.0,0.0,0.0,0.0,0.0,0.0,0.0,0.0,0.0,0.0
"delta_plus_('Water_node_3', 'Water', 'Water')",1.4210854715202004e-14,1.4210854715202004e-14,0.0,1.4210854715202004e-14,1.4210854715202004e-14,1.4210854715202004e-14,1.4210854715202004e-14,1.4210854715202004e-14,1.4210854715202004e-14,1.4210854715202004e-14
"delta_plus_('Water_node_4', 'Water', 'Water')",-1.7763568394002505e-15,-1.7763568394002505e-15,0.0,-1.7763568394002505e-15,-1.7763568394002505e-15,-1.7763568394002505e-15,-1.7763568394002505e-15,-1.7763568394002505e-15,-1.7763568394002505e-15,-1.7763568394002505e-15
"delta_plus_('Water_node_5', 'Water', 'Water')",-3.552713678800501e-15,-3.552713678800501e-15,0.0,-3.552713678800501e-15,-3.552713678800501e-15,-3.552713678800501e-15,-3.552713678800501e-15,-3.552713678800501e-15,-3.552713678800501e-15,-3.552713678800501e-15
"delta_plus_('Water_node_6', 'Water', 'Water')",0.0,0.0,0.0,0.0,0.0,0.0,0.0,0.0,0.0,0.0
"delta_plus_('Water_node_7', 'Water', 'Water')",-3.552713678800501e-15,-3.552713678800501e-15,0.0,-3.552713678800501e-15,-3.552713678800501e-15,-3.552713678800501e-15,-3.552713678800501e-15,-3.552713678800501e-15,-3.552713678800501e-15,-3.552713678800501e-15
"delta_plus_('Water_node_8', 'Water', 'Water')",-5.49840351027342e-09,-5.49840351027342e-09,0.0,-5.49840351027342e-09,-5.49840351027342e-09,-5.49840351027342e-09,-5.49840351027342e-09,-5.49840351027342e-09,-5.49840351027342e-09,-5.49840351027342e-09
"delta_plus_('Water_node_9', 'Water', 'Water')",0.0,0.0,0.0,0.0,0.0,0.0,0.0,0.0,0.0,0.0
"delta_plus_('Water_node_10', 'Water', 'Water')",3.552713678800501e-15,3.552713678800501e-15,0.0,3.552713678800501e-15,3.552713678800501e-15,3.552713678800501e-15,3.552713678800501e-15,3.552713678800501e-15,3.552713678800501e-15,3.552713678800501e-15
"delta_plus_('Water_node_11', 'Water', 'Water')",1.1102230246251565e-16,1.1102230246251565e-16,0.0,1.1102230246251565e-16,1.1102230246251565e-16,1.1102230246251565e-16,1.1102230246251565e-16,1.1102230246251565e-16,1.1102230246251565e-16,1.1102230246251565e-16
"delta_plus_('Water_node_12', 'Water', 'Water')",0.0,0.0,0.0,0.0,0.0,0.0,0.0,0.0,0.0,0.0
"delta_plus_('Water_node_13', 'Water', 'Water')",0.0,0.0,0.0,0.0,0.0,0.0,0.0,0.0,0.0,0.0
"delta_plus_('Water_node_14', 'Water', 'Water')",0.0,0.0,0.0,0.0,0.0,0.0,0.0,0.0,0.0,0.0
"delta_minus_('Gas_node_3', 'Gas', 'Gas')",77.39999999990002,77.39999999990002,0.0,77.39999999990002,77.39999999990002,77.39999999990002,77.39999999990002,77.39999999990002,77.39999999990002,77.39999999990002
"delta_minus_('Gas_node_4', 'Gas', 'Gas')",25.999999999899984,25.999999999899984,0.0,25.999999999899984,25.999999999899984,25.999999999899984,25.999999999899984,25.999999999899984,25.999999999899984,25.999999999899984
"delta_minus_('Gas_node_5', 'Gas', 'Gas')",138.30000019206483,138.30000019206483,0.0,138.30000019206483,138.30000019206483,138.30000019206483,138.30000019206483,138.30000019206483,138.30000019206483,138.30000019206483
"delta_minus_('Gas_node_6', 'Gas', 'Gas')",0.0,0.0,0.0,0.0,0.0,0.0,0.0,0.0,0.0,0.0
"delta_minus_('Gas_node_7', 'Gas', 'Gas')",0.0,0.0,0.0,0.0,0.0,0.0,0.0,0.0,0.0,0.0
"delta_minus_('Gas_node_8', 'Gas', 'Gas')",0.0,0.0,0.0,0.0,0.0,0.0,0.0,0.0,0.0,0.0
"delta_minus_('Gas_node_9', 'Gas', 'Gas')",0.0,0.0,0.0,0.0,0.0,0.0,0.0,0.0,0.0,0.0
"delta_minus_('Gas_node_10', 'Gas', 'Gas')",0.0,0.0,0.0,0.0,0.0,0.0,0.0,0.0,0.0,0.0
"delta_minus_('Gas_node_11', 'Gas', 'Gas')",0.0,0.0,0.0,0.0,0.0,0.0,0.0,0.0,0.0,0.0
"delta_minus_('Gas_node_12', 'Gas', 'Gas')",0.0,0.0,0.0,0.0,0.0,0.0,0.0,0.0,0.0,0.0
"delta_minus_('Gas_node_13', 'Gas', 'Gas')",0.0,0.0,0.0,0.0,0.0,0.0,0.0,0.0,0.0,0.0
"delta_minus_('Gas_node_14', 'Gas', 'Gas')",0.0,0.0,0.0,0.0,0.0,0.0,0.0,0.0,0.0,0.0
"delta_minus_('Gas_node_15', 'Gas', 'Gas')",8.599999999900007,8.599999999900007,0.0,8.599999999900007,8.599999999900007,8.599999999900007,8.599999999900007,8.599999999900007,8.599999999900007,8.599999999900007
"delta_minus_('Power_node_9', 'Power', 'Power')",0.0,0.0,0.0,0.0,0.0,0.0,0.0,0.0,0.0,0.0
"delta_minus_('Power_node_10', 'Power', 'Power')",29.841530269899998,29.841530269899998,0.0,29.841530269899998,29.841530269899998,29.841530269899998,29.841530269899998,29.841530269899998,29.841530269899998,29.841530269899998
"delta_minus_('Power_node_11', 'Power', 'Power')",3.1071683599000224,3.1071683599000224,0.0,3.1071683599000224,3.1071683599000224,3.1071683599000224,3.1071683599000224,3.1071683599000224,3.1071683599000224,3.1071683599000224
"delta_minus_('Power_node_12', 'Power', 'Power')",0.0,0.0,0.0,0.0,0.0,0.0,0.0,0.0,0.0,0.0
"delta_minus_('Power_node_13', 'Power', 'Power')",31.755235899900033,31.755235899900033,0.0,31.755235899900033,31.755235899900033,31.755235899900033,31.755235899900033,31.755235899900033,31.755235899900033,31.755235899900033
"delta_minus_('Power_node_14', 'Power', 'Power')",0.0,0.0,0.0,0.0,0.0,0.0,0.0,0.0,0.0,0.0
"delta_minus_('Power_node_15', 'Power', 'Power')",0.0,0.0,0.0,0.0,0.0,0.0,0.0,0.0,0.0,0.0
"delta_minus_('Power_node_16', 'Power', 'Power')",0.0,0.0,0.0,0.0,0.0,0.0,0.0,0.0,0.0,0.0
"delta_minus_('Power_node_17', 'Power', 'Power')",0.0,0.0,0.0,0.0,0.0,0.0,0.0,0.0,0.0,0.0
"delta_minus_('Power_node_18', 'Power', 'Power')",0.0,0.0,0.0,0.0,0.0,0.0,0.0,0.0,0.0,0.0
"delta_minus_('Power_node_19', 'Power', 'Power')",5.695078612799776,5.695078612799776,0.0,5.695078612799776,5.695078612799776,5.695078612799776,5.695078612799776,5.695078612799776,5.695078612799776,5.695078612799776
"delta_minus_('Power_node_20', 'Power', 'Power')",8.478238959900022,8.478238959900022,0.0,8.478238959900022,8.478238959900022,8.478238959900022,8.478238959900022,8.478238959900022,8.478238959900022,8.478238959900022
"delta_minus_('Power_node_21', 'Power', 'Power')",12.98167493990002,12.98167493990002,0.0,12.98167493990002,12.98167493990002,12.98167493990002,12.98167493990002,12.98167493990002,12.98167493990002,12.98167493990002
"delta_minus_('Power_node_22', 'Power', 'Power')",1.9708178599000021,1.9708178599000021,0.0,1.9708178599000021,1.9708178599000021,1.9708178599000021,1.9708178599000021,1.9708178599000021,1.9708178599000021,1.9708178599000021
"delta_minus_('Power_node_23', 'Power', 'Power')",13.7794294999,13.7794294999,0.0,13.7794294999,13.7794294999,13.7794294999,13.7794294999,13.7794294999,13.7794294999,13.7794294999
"delta_minus_('Power_node_24', 'Power', 'Power')",34.98713968990003,34.98713968990003,0.0,34.98713968990003,34.98713968990003,34.98713968990003,34.98713968990003,34.98713968990003,34.98713968990003,34.98713968990003
"delta_minus_('Power_node_25', 'Power', 'Power')",24.102462699900002,24.102462699900002,0.0,24.102462699900002,24.102462699900002,24.102462699900002,24.102462699900002,24.102462699900002,24.102462699900002,24.102462699900002
"delta_minus_('Power_node_26', 'Power', 'Power')",0.0,0.0,0.0,0.0,0.0,0.0,0.0,0.0,0.0,0.0
"delta_minus_('Power_node_27', 'Power', 'Power')",8.6973732399,8.6973732399,0.0,8.6973732399,8.6973732399,8.6973732399,8.6973732399,8.6973732399,8.6973732399,8.6973732399
"delta_minus_('Power_node_28', 'Power', 'Power')",1.4013415399000237,1.4013415399000237,0.0,1.4013415399000237,1.4013415399000237,1.4013415399000237,1.4013415399000237,1.4013415399000237,1.4013415399000237,1.4013415399000237
"delta_minus_('Power_node_29', 'Power', 'Power')",0.0,0.0,0.0,0.0,0.0,0.0,0.0,0.0,0.0,0.0
"delta_minus_('Power_node_30', 'Power', 'Power')",0.0,0.0,0.0,0.0,0.0,0.0,0.0,0.0,0.0,0.0
"delta_minus_('Power_node_31', 'Power', 'Power')",0.0,0.0,0.0,0.0,0.0,0.0,0.0,0.0,0.0,0.0
"delta_minus_('Power_node_32', 'Power', 'Power')",8.746130319900022,8.746130319900022,0.0,8.746130319900022,8.746130319900022,8.746130319900022,8.746130319900022,8.746130319900022,8.746130319900022,8.746130319900022
"delta_minus_('Power_node_33', 'Power', 'Power')",8.10891414990002,8.10891414990002,0.0,8.10891414990002,8.10891414990002,8.10891414990002,8.10891414990002,8.10891414990002,8.10891414990002,8.10891414990002
"delta_minus_('Power_node_34', 'Power', 'Power')",0.0,0.0,0.0,0.0,0.0,0.0,0.0,0.0,0.0,0.0
"delta_minus_('Power_node_35', 'Power', 'Power')",0.0,0.0,0.0,0.0,0.0,0.0,0.0,0.0,0.0,0.0
"delta_minus_('Power_node_36', 'Power', 'Power')",0.0,0.0,0.0,0.0,0.0,0.0,0.0,0.0,0.0,0.0
"delta_minus_('Power_node_37', 'Power', 'Power')",0.0,0.0,0.0,0.0,0.0,0.0,0.0,0.0,0.0,0.0
"delta_minus_('Power_node_38', 'Power', 'Power')",0.0,0.0,0.0,0.0,0.0,0.0,0.0,0.0,0.0,0.0
"delta_minus_('Power_node_39', 'Power', 'Power')",0.0,0.0,0.0,0.0,0.0,0.0,0.0,0.0,0.0,0.0
"delta_minus_('Power_node_40', 'Power', 'Power')",0.0,0.0,0.0,0.0,0.0,0.0,0.0,0.0,0.0,0.0
"delta_minus_('Power_node_41', 'Power', 'Power')",0.0,0.0,0.0,0.0,0.0,0.0,0.0,0.0,0.0,0.0
"delta_minus_('Power_node_42', 'Power', 'Power')",0.0,0.0,0.0,0.0,0.0,0.0,0.0,0.0,0.0,0.0
"delta_minus_('Power_node_43', 'Power', 'Power')",0.0,0.0,0.0,0.0,0.0,0.0,0.0,0.0,0.0,0.0
"delta_minus_('Power_node_44', 'Power', 'Power')",0.0,0.0,0.0,0.0,0.0,0.0,0.0,0.0,0.0,0.0
"delta_minus_('Power_node_45', 'Power', 'Power')",0.0,0.0,0.0,0.0,0.0,0.0,0.0,0.0,0.0,0.0
"delta_minus_('Power_node_46', 'Power', 'Power')",8.955562479899996,8.955562479899996,0.0,8.955562479899996,8.955562479899996,8.955562479899996,8.955562479899996,8.955562479899996,8.955562479899996,8.955562479899996
"delta_minus_('Power_node_47', 'Power', 'Power')",0.7355996899000026,0.7355996899000026,0.0,0.7355996899000026,0.7355996899000026,0.7355996899000026,0.7355996899000026,0.7355996899000026,0.7355996899000026,0.7355996899000026
"delta_minus_('Power_node_48', 'Power', 'Power')",6.4131648999000035,6.4131648999000035,0.0,6.4131648999000035,6.4131648999000035,6.4131648999000035,6.4131648999000035,6.4131648999000035,6.4131648999000035,6.4131648999000035
"delta_minus_('Power_node_49', 'Power', 'Power')",29.787241809900024,29.787241809900024,0.0,29.787241809900024,29.787241809900024,29.787241809900024,29.787241809900024,29.787241809900024,29.787241809900024,29.787241809900024
"delta_minus_('Power_node_50', 'Power', 'Power')",10.455895089900022,10.455895089900022,0.0,10.455895089900022,10.455895089900022,10.455895089900022,10.455895089900022,10.455895089900022,10.455895089900022,10.455895089900022
"delta_minus_('Water_node_15', 'Water', 'Water')",0.5867499958291358,0.5867499958291358,0.0,0.5867499958291358,0.5867499958291358,0.5867499958291358,0.5867499958291358,0.5867499958291358,0.5867499958291358,0.5867499958291358
"delta_minus_('Water_node_16', 'Water', 'Water')",12.722028629999997,12.722028629999997,0.0,12.722028629999997,12.722028629999997,12.722028629999997,12.722028629999997,12.722028629999997,12.722028629999997,12.722028629999997
"delta_minus_('Water_node_17', 'Water', 'Water')",8.203999999900027,8.203999999900027,0.0,8.203999999900027,8.203999999900027,8.203999999900027,8.203999999900027,8.203999999900027,8.203999999900027,8.203999999900027
"delta_minus_('Water_node_18', 'Water', 'Water')",0.0,0.0,0.0,0.0,0.0,0.0,0.0,0.0,0.0,0.0
"delta_minus_('Water_node_19', 'Water', 'Water')",30.332000004370798,30.332000004370798,0.0,30.332000004370798,30.332000004370798,30.332000004370798,30.332000004370798,30.332000004370798,30.332000004370798,30.332000004370798
"delta_minus_('Water_node_20', 'Water', 'Water')",0.0,0.0,0.0,0.0,0.0,0.0,0.0,0.0,0.0,0.0
"delta_minus_('Water_node_21', 'Water', 'Water')",0.0,0.0,0.0,0.0,0.0,0.0,0.0,0.0,0.0,0.0
"delta_minus_('Water_node_22', 'Water', 'Water')",0.6349999999000175,0.6349999999000175,0.0,0.6349999999000175,0.6349999999000175,0.6349999999000175,0.6349999999000175,0.6349999999000175,0.6349999999000175,0.6349999999000175
"delta_minus_('Water_node_23', 'Water', 'Water')",0.0,0.0,0.0,0.0,0.0,0.0,0.0,0.0,0.0,0.0
"delta_minus_('Water_node_24', 'Water', 'Water')",70.2999999999,70.2999999999,0.0,70.2999999999,70.2999999999,70.2999999999,70.2999999999,70.2999999999,70.2999999999,70.2999999999
"delta_minus_('Water_node_25', 'Water', 'Water')",0.0,0.0,0.0,0.0,0.0,0.0,0.0,0.0,0.0,0.0
"delta_minus_('Water_node_26', 'Water', 'Water')",0.0,0.0,0.0,0.0,0.0,0.0,0.0,0.0,0.0,0.0
"delta_minus_('Water_node_27', 'Water', 'Water')",17.255999999899995,17.255999999899995,0.0,17.255999999899995,17.255999999899995,17.255999999899995,17.255999999899995,17.255999999899995,17.255999999899995,17.255999999899995
"delta_minus_('Water_node_28', 'Water', 'Water')",9.292844029999996,9.292844029999996,0.0,9.292844029999996,9.292844029999996,9.292844029999996,9.292844029999996,9.292844029999996,9.292844029999996,9.292844029999996
"delta_minus_('Water_node_29', 'Water', 'Water')",0.0,0.0,0.0,0.0,0.0,0.0,0.0,0.0,0.0,0.0
"delta_minus_('Water_node_30', 'Water', 'Water')",47.24199999989999,47.24199999989999,0.0,47.24199999989999,47.24199999989999,47.24199999989999,47.24199999989999,47.24199999989999,47.24199999989999,47.24199999989999
"delta_minus_('Water_node_31', 'Water', 'Water')",0.0,0.0,0.0,0.0,0.0,0.0,0.0,0.0,0.0,0.0
"delta_minus_('Water_node_32', 'Water', 'Water')",0.01540596000000427,0.01540596000000427,0.0,0.01540596000000427,0.01540596000000427,0.01540596000000427,0.01540596000000427,0.01540596000000427,0.01540596000000427,0.01540596000000427
"delta_minus_('Water_node_33', 'Water', 'Water')",0.0,0.0,0.0,0.0,0.0,0.0,0.0,0.0,0.0,0.0
"delta_minus_('Water_node_34', 'Water', 'Water')",53.41397137480158,53.41397137480158,0.0,53.41397137480158,53.41397137480158,53.41397137480158,53.41397137480158,53.41397137480158,53.41397137480158,53.41397137480158
"delta_minus_('Water_node_35', 'Water', 'Water')",3.552713678800501e-15,3.552713678800501e-15,0.0,3.552713678800501e-15,3.552713678800501e-15,3.552713678800501e-15,3.552713678800501e-15,3.552713678800501e-15,3.552713678800501e-15,3.552713678800501e-15
"delta_minus_('Water_node_36', 'Water', 'Water')",0.0,0.0,0.0,0.0,0.0,0.0,0.0,0.0,0.0,0.0
"delta_minus_('Water_node_37', 'Water', 'Water')",0.0,0.0,0.0,0.0,0.0,0.0,0.0,0.0,0.0,0.0
"delta_minus_('Water_node_38', 'Water', 'Water')",0.0,0.0,0.0,0.0,0.0,0.0,0.0,0.0,0.0,0.0
"delta_minus_('Water_node_39', 'Water', 'Water')",0.0,0.0,0.0,0.0,0.0,0.0,0.0,0.0,0.0,0.0
"delta_minus_('Water_node_40', 'Water', 'Water')",0.0,0.0,0.0,0.0,0.0,0.0,0.0,0.0,0.0,0.0
"delta_minus_('Water_node_41', 'Water', 'Water')",0.0,0.0,0.0,0.0,0.0,0.0,0.0,0.0,0.0,0.0
"delta_minus_('Water_node_42', 'Water', 'Water')",0.0,0.0,0.0,0.0,0.0,0.0,0.0,0.0,0.0,0.0
"delta_minus_('Water_node_43', 'Water', 'Water')",0.0,0.0,0.0,0.0,0.0,0.0,0.0,0.0,0.0,0.0
"delta_minus_('Water_node_44', 'Water', 'Water')",0.0,0.0,0.0,0.0,0.0,0.0,0.0,0.0,0.0,0.0
"delta_minus_('Water_node_45', 'Water', 'Water')",0.0,0.0,0.0,0.0,0.0,0.0,0.0,0.0,0.0,0.0
"delta_minus_('Water_node_46', 'Water', 'Water')",0.0,0.0,0.0,0.0,0.0,0.0,0.0,0.0,0.0,0.0
"delta_minus_('Water_node_47', 'Water', 'Water')",0.0,0.0,0.0,0.0,0.0,0.0,0.0,0.0,0.0,0.0
"delta_minus_('Water_node_48', 'Water', 'Water')",0.0,0.0,0.0,0.0,0.0,0.0,0.0,0.0,0.0,0.0
"w_('Gas_node_0', 'Gas')",1.0,1.0,0.0,1.0,1.0,1.0,1.0,1.0,1.0,1.0
"w_('Gas_node_1', 'Gas')",1.0,1.0,0.0,1.0,1.0,1.0,1.0,1.0,1.0,1.0
"w_('Gas_node_2', 'Gas')",1.0,1.0,0.0,1.0,1.0,1.0,1.0,1.0,1.0,1.0
"w_('Gas_node_3', 'Gas')",1.0,1.0,0.0,1.0,1.0,1.0,1.0,1.0,1.0,1.0
"w_('Gas_node_4', 'Gas')",1.0,1.0,0.0,1.0,1.0,1.0,1.0,1.0,1.0,1.0
"w_('Gas_node_5', 'Gas')",1.0,1.0,0.0,1.0,1.0,1.0,1.0,1.0,1.0,1.0
"w_('Gas_node_6', 'Gas')",1.0,1.0,0.0,1.0,1.0,1.0,1.0,1.0,1.0,1.0
"w_('Gas_node_7', 'Gas')",1.0,1.0,0.0,1.0,1.0,1.0,1.0,1.0,1.0,1.0
"w_('Gas_node_8', 'Gas')",1.0,1.0,0.0,1.0,1.0,1.0,1.0,1.0,1.0,1.0
"w_('Gas_node_9', 'Gas')",1.0,1.0,0.0,1.0,1.0,1.0,1.0,1.0,1.0,1.0
"w_('Gas_node_10', 'Gas')",1.0,1.0,0.0,1.0,1.0,1.0,1.0,1.0,1.0,1.0
"w_('Gas_node_11', 'Gas')",1.0,1.0,0.0,1.0,1.0,1.0,1.0,1.0,1.0,1.0
"w_('Gas_node_12', 'Gas')",1.0,1.0,0.0,1.0,1.0,1.0,1.0,1.0,1.0,1.0
"w_('Gas_node_13', 'Gas')",1.0,1.0,0.0,1.0,1.0,1.0,1.0,1.0,1.0,1.0
"w_('Gas_node_14', 'Gas')",1.0,1.0,0.0,1.0,1.0,1.0,1.0,1.0,1.0,1.0
"w_('Gas_node_15', 'Gas')",1.0,1.0,0.0,1.0,1.0,1.0,1.0,1.0,1.0,1.0
"w_('Power_node_0', 'Power')",1.0,1.0,0.0,1.0,1.0,1.0,1.0,1.0,1.0,1.0
"w_('Power_node_1', 'Power')",1.0,1.0,0.0,1.0,1.0,1.0,1.0,1.0,1.0,1.0
"w_('Power_node_2', 'Power')",1.0,1.0,0.0,1.0,1.0,1.0,1.0,1.0,1.0,1.0
"w_('Power_node_3', 'Power')",1.0,1.0,0.0,1.0,1.0,1.0,1.0,1.0,1.0,1.0
"w_('Power_node_4', 'Power')",1.0,1.0,0.0,1.0,1.0,1.0,1.0,1.0,1.0,1.0
"w_('Power_node_5', 'Power')",1.0,1.0,0.0,1.0,1.0,1.0,1.0,1.0,1.0,1.0
"w_('Power_node_6', 'Power')",1.0,1.0,0.0,1.0,1.0,1.0,1.0,1.0,1.0,1.0
"w_('Power_node_7', 'Power')",1.0,1.0,0.0,1.0,1.0,1.0,1.0,1.0,1.0,1.0
"w_('Power_node_8', 'Power')",1.0,1.0,0.0,1.0,1.0,1.0,1.0,1.0,1.0,1.0
"w_('Power_node_9', 'Power')",1.0,1.0,0.0,1.0,1.0,1.0,1.0,1.0,1.0,1.0
"w_('Power_node_10', 'Power')",1.0,1.0,0.0,1.0,1.0,1.0,1.0,1.0,1.0,1.0
"w_('Power_node_11', 'Power')",1.0,1.0,0.0,1.0,1.0,1.0,1.0,1.0,1.0,1.0
"w_('Power_node_12', 'Power')",1.0,1.0,0.0,1.0,1.0,1.0,1.0,1.0,1.0,1.0
"w_('Power_node_13', 'Power')",1.0,1.0,0.0,1.0,1.0,1.0,1.0,1.0,1.0,1.0
"w_('Power_node_14', 'Power')",1.0,1.0,0.0,1.0,1.0,1.0,1.0,1.0,1.0,1.0
"w_('Power_node_15', 'Power')",1.0,1.0,0.0,1.0,1.0,1.0,1.0,1.0,1.0,1.0
"w_('Power_node_16', 'Power')",1.0,1.0,0.0,1.0,1.0,1.0,1.0,1.0,1.0,1.0
"w_('Power_node_17', 'Power')",1.0,1.0,0.0,1.0,1.0,1.0,1.0,1.0,1.0,1.0
"w_('Power_node_18', 'Power')",1.0,1.0,0.0,1.0,1.0,1.0,1.0,1.0,1.0,1.0
"w_('Power_node_19', 'Power')",1.0,1.0,0.0,1.0,1.0,1.0,1.0,1.0,1.0,1.0
"w_('Power_node_20', 'Power')",1.0,1.0,0.0,1.0,1.0,1.0,1.0,1.0,1.0,1.0
"w_('Power_node_21', 'Power')",1.0,1.0,0.0,1.0,1.0,1.0,1.0,1.0,1.0,1.0
"w_('Power_node_22', 'Power')",1.0,1.0,0.0,1.0,1.0,1.0,1.0,1.0,1.0,1.0
"w_('Power_node_23', 'Power')",1.0,1.0,0.0,1.0,1.0,1.0,1.0,1.0,1.0,1.0
"w_('Power_node_24', 'Power')",1.0,1.0,0.0,1.0,1.0,1.0,1.0,1.0,1.0,1.0
"w_('Power_node_25', 'Power')",1.0,1.0,0.0,1.0,1.0,1.0,1.0,1.0,1.0,1.0
"w_('Power_node_26', 'Power')",1.0,1.0,0.0,1.0,1.0,1.0,1.0,1.0,1.0,1.0
"w_('Power_node_27', 'Power')",1.0,1.0,0.0,1.0,1.0,1.0,1.0,1.0,1.0,1.0
"w_('Power_node_28', 'Power')",1.0,1.0,0.0,1.0,1.0,1.0,1.0,1.0,1.0,1.0
"w_('Power_node_29', 'Power')",1.0,1.0,0.0,1.0,1.0,1.0,1.0,1.0,1.0,1.0
"w_('Power_node_30', 'Power')",1.0,1.0,0.0,1.0,1.0,1.0,1.0,1.0,1.0,1.0
"w_('Power_node_31', 'Power')",1.0,1.0,0.0,1.0,1.0,1.0,1.0,1.0,1.0,1.0
"w_('Power_node_32', 'Power')",1.0,1.0,0.0,1.0,1.0,1.0,1.0,1.0,1.0,1.0
"w_('Power_node_33', 'Power')",1.0,1.0,0.0,1.0,1.0,1.0,1.0,1.0,1.0,1.0
"w_('Power_node_34', 'Power')",1.0,1.0,0.0,1.0,1.0,1.0,1.0,1.0,1.0,1.0
"w_('Power_node_35', 'Power')",1.0,1.0,0.0,1.0,1.0,1.0,1.0,1.0,1.0,1.0
"w_('Power_node_36', 'Power')",1.0,1.0,0.0,1.0,1.0,1.0,1.0,1.0,1.0,1.0
"w_('Power_node_37', 'Power')",1.0,1.0,0.0,1.0,1.0,1.0,1.0,1.0,1.0,1.0
"w_('Power_node_38', 'Power')",1.0,1.0,0.0,1.0,1.0,1.0,1.0,1.0,1.0,1.0
"w_('Power_node_39', 'Power')",1.0,1.0,0.0,1.0,1.0,1.0,1.0,1.0,1.0,1.0
"w_('Power_node_40', 'Power')",1.0,1.0,0.0,1.0,1.0,1.0,1.0,1.0,1.0,1.0
"w_('Power_node_41', 'Power')",1.0,1.0,0.0,1.0,1.0,1.0,1.0,1.0,1.0,1.0
"w_('Power_node_42', 'Power')",1.0,1.0,0.0,1.0,1.0,1.0,1.0,1.0,1.0,1.0
"w_('Power_node_43', 'Power')",1.0,1.0,0.0,1.0,1.0,1.0,1.0,1.0,1.0,1.0
"w_('Power_node_44', 'Power')",1.0,1.0,0.0,1.0,1.0,1.0,1.0,1.0,1.0,1.0
"w_('Power_node_45', 'Power')",1.0,1.0,0.0,1.0,1.0,1.0,1.0,1.0,1.0,1.0
"w_('Power_node_46', 'Power')",1.0,1.0,0.0,1.0,1.0,1.0,1.0,1.0,1.0,1.0
"w_('Power_node_47', 'Power')",1.0,1.0,0.0,1.0,1.0,1.0,1.0,1.0,1.0,1.0
"w_('Power_node_48', 'Power')",1.0,1.0,0.0,1.0,1.0,1.0,1.0,1.0,1.0,1.0
"w_('Power_node_49', 'Power')",1.0,1.0,0.0,1.0,1.0,1.0,1.0,1.0,1.0,1.0
"w_('Power_node_50', 'Power')",1.0,1.0,0.0,1.0,1.0,1.0,1.0,1.0,1.0,1.0
"w_('Power_node_51', 'Power')",1.0,1.0,0.0,1.0,1.0,1.0,1.0,1.0,1.0,1.0
"w_('Power_node_52', 'Power')",1.0,1.0,0.0,1.0,1.0,1.0,1.0,1.0,1.0,1.0
"w_('Power_node_53', 'Power')",1.0,1.0,0.0,1.0,1.0,1.0,1.0,1.0,1.0,1.0
"w_('Power_node_54', 'Power')",1.0,1.0,0.0,1.0,1.0,1.0,1.0,1.0,1.0,1.0
"w_('Power_node_55', 'Power')",1.0,1.0,0.0,1.0,1.0,1.0,1.0,1.0,1.0,1.0
"w_('Power_node_56', 'Power')",1.0,1.0,0.0,1.0,1.0,1.0,1.0,1.0,1.0,1.0
"w_('Power_node_57', 'Power')",1.0,1.0,0.0,1.0,1.0,1.0,1.0,1.0,1.0,1.0
"w_('Power_node_58', 'Power')",1.0,1.0,0.0,1.0,1.0,1.0,1.0,1.0,1.0,1.0
"w_('Power_node_59', 'Power')",1.0,1.0,0.0,1.0,1.0,1.0,1.0,1.0,1.0,1.0
"w_('Power_node_60', 'Power')",1.0,1.0,0.0,1.0,1.0,1.0,1.0,1.0,1.0,1.0
"w_('Power_node_61', 'Power')",1.0,1.0,0.0,1.0,1.0,1.0,1.0,1.0,1.0,1.0
"w_('Power_node_62', 'Power')",1.0,1.0,0.0,1.0,1.0,1.0,1.0,1.0,1.0,1.0
"w_('Power_node_63', 'Power')",1.0,1.0,0.0,1.0,1.0,1.0,1.0,1.0,1.0,1.0
"w_('Power_node_64', 'Power')",1.0,1.0,0.0,1.0,1.0,1.0,1.0,1.0,1.0,1.0
"w_('Power_node_65', 'Power')",1.0,1.0,0.0,1.0,1.0,1.0,1.0,1.0,1.0,1.0
"w_('Power_node_66', 'Power')",1.0,1.0,0.0,1.0,1.0,1.0,1.0,1.0,1.0,1.0
"w_('Power_node_67', 'Power')",1.0,1.0,0.0,1.0,1.0,1.0,1.0,1.0,1.0,1.0
"w_('Power_node_68', 'Power')",1.0,1.0,0.0,1.0,1.0,1.0,1.0,1.0,1.0,1.0
"w_('Power_node_69', 'Power')",1.0,1.0,0.0,1.0,1.0,1.0,1.0,1.0,1.0,1.0
"w_('Power_node_70', 'Power')",-0.0,0.0,0.0,-0.0,-0.0,0.0,-0.0,-0.0,-0.0,-0.0
"w_('Power_node_71', 'Power')",1.0,1.0,0.0,1.0,1.0,1.0,1.0,1.0,1.0,1.0
"w_('Power_node_72', 'Power')",1.0,1.0,0.0,1.0,1.0,1.0,1.0,1.0,1.0,1.0
"w_('Power_node_73', 'Power')",1.0,1.0,0.0,1.0,1.0,1.0,1.0,1.0,1.0,1.0
"w_('Power_node_74', 'Power')",1.0,1.0,0.0,1.0,1.0,1.0,1.0,1.0,1.0,1.0
"w_('Water_node_0', 'Water')",1.0,1.0,0.0,1.0,1.0,1.0,1.0,1.0,1.0,1.0
"w_('Water_node_1', 'Water')",1.0,1.0,0.0,1.0,1.0,1.0,1.0,1.0,1.0,1.0
"w_('Water_node_2', 'Water')",1.0,1.0,0.0,1.0,1.0,1.0,1.0,1.0,1.0,1.0
"w_('Water_node_3', 'Water')",1.0,1.0,0.0,1.0,1.0,1.0,1.0,1.0,1.0,1.0
"w_('Water_node_4', 'Water')",1.0,1.0,0.0,1.0,1.0,1.0,1.0,1.0,1.0,1.0
"w_('Water_node_5', 'Water')",1.0,1.0,0.0,1.0,1.0,1.0,1.0,1.0,1.0,1.0
"w_('Water_node_6', 'Water')",1.0,1.0,0.0,1.0,1.0,1.0,1.0,1.0,1.0,1.0
"w_('Water_node_7', 'Water')",1.0,1.0,0.0,1.0,1.0,1.0,1.0,1.0,1.0,1.0
"w_('Water_node_8', 'Water')",1.0,1.0,0.0,1.0,1.0,1.0,1.0,1.0,1.0,1.0
"w_('Water_node_9', 'Water')",1.0,1.0,0.0,1.0,1.0,1.0,1.0,1.0,1.0,1.0
"w_('Water_node_10', 'Water')",1.0,1.0,0.0,1.0,1.0,1.0,1.0,1.0,1.0,1.0
"w_('Water_node_11', 'Water')",1.0,1.0,0.0,1.0,1.0,1.0,1.0,1.0,1.0,1.0
"w_('Water_node_12', 'Water')",1.0,1.0,0.0,1.0,1.0,1.0,1.0,1.0,1.0,1.0
"w_('Water_node_13', 'Water')",1.0,1.0,0.0,1.0,1.0,1.0,1.0,1.0,1.0,1.0
"w_('Water_node_14', 'Water')",1.0,1.0,0.0,1.0,1.0,1.0,1.0,1.0,1.0,1.0
"w_('Water_node_15', 'Water')",1.0,1.0,0.0,1.0,1.0,1.0,1.0,1.0,1.0,1.0
"w_('Water_node_16', 'Water')",1.0,1.0,0.0,1.0,1.0,1.0,1.0,1.0,1.0,1.0
"w_('Water_node_17', 'Water')",1.0,1.0,0.0,1.0,1.0,1.0,1.0,1.0,1.0,1.0
"w_('Water_node_18', 'Water')",1.0,1.0,0.0,1.0,1.0,1.0,1.0,1.0,1.0,1.0
"w_('Water_node_19', 'Water')",1.0,1.0,0.0,1.0,1.0,1.0,1.0,1.0,1.0,1.0
"w_('Water_node_20', 'Water')",1.0,1.0,0.0,1.0,1.0,1.0,1.0,1.0,1.0,1.0
"w_('Water_node_21', 'Water')",1.0,1.0,0.0,1.0,1.0,1.0,1.0,1.0,1.0,1.0
"w_('Water_node_22', 'Water')",1.0,1.0,0.0,1.0,1.0,1.0,1.0,1.0,1.0,1.0
"w_('Water_node_23', 'Water')",1.0,1.0,0.0,1.0,1.0,1.0,1.0,1.0,1.0,1.0
"w_('Water_node_24', 'Water')",1.0,1.0,0.0,1.0,1.0,1.0,1.0,1.0,1.0,1.0
"w_('Water_node_25', 'Water')",1.0,1.0,0.0,1.0,1.0,1.0,1.0,1.0,1.0,1.0
"w_('Water_node_26', 'Water')",1.0,1.0,0.0,1.0,1.0,1.0,1.0,1.0,1.0,1.0
"w_('Water_node_27', 'Water')",1.0,1.0,0.0,1.0,1.0,1.0,1.0,1.0,1.0,1.0
"w_('Water_node_28', 'Water')",1.0,1.0,0.0,1.0,1.0,1.0,1.0,1.0,1.0,1.0
"w_('Water_node_29', 'Water')",1.0,1.0,0.0,1.0,1.0,1.0,1.0,1.0,1.0,1.0
"w_('Water_node_30', 'Water')",1.0,1.0,0.0,1.0,1.0,1.0,1.0,1.0,1.0,1.0
"w_('Water_node_31', 'Water')",1.0,1.0,0.0,1.0,1.0,1.0,1.0,1.0,1.0,1.0
"w_('Water_node_32', 'Water')",1.0,1.0,0.0,1.0,1.0,1.0,1.0,1.0,1.0,1.0
"w_('Water_node_33', 'Water')",1.0,1.0,0.0,1.0,1.0,1.0,1.0,1.0,1.0,1.0
"w_('Water_node_34', 'Water')",1.0,1.0,0.0,1.0,1.0,1.0,1.0,1.0,1.0,1.0
"w_('Water_node_35', 'Water')",1.0,1.0,0.0,1.0,1.0,1.0,1.0,1.0,1.0,1.0
"w_('Water_node_36', 'Water')",1.0,1.0,0.0,1.0,1.0,1.0,1.0,1.0,1.0,1.0
"w_('Water_node_37', 'Water')",1.0,1.0,0.0,1.0,1.0,1.0,1.0,1.0,1.0,1.0
"w_('Water_node_38', 'Water')",1.0,1.0,0.0,1.0,1.0,1.0,1.0,1.0,1.0,1.0
"w_('Water_node_39', 'Water')",1.0,1.0,0.0,1.0,1.0,1.0,1.0,1.0,1.0,1.0
"w_('Water_node_40', 'Water')",1.0,1.0,0.0,1.0,1.0,1.0,1.0,1.0,1.0,1.0
"w_('Water_node_41', 'Water')",1.0,1.0,0.0,1.0,1.0,1.0,1.0,1.0,1.0,1.0
"w_('Water_node_42', 'Water')",1.0,1.0,0.0,1.0,1.0,1.0,1.0,1.0,1.0,1.0
"w_('Water_node_43', 'Water')",1.0,1.0,0.0,1.0,1.0,1.0,1.0,1.0,1.0,1.0
"w_('Water_node_44', 'Water')",1.0,1.0,0.0,1.0,1.0,1.0,1.0,1.0,1.0,1.0
"w_('Water_node_45', 'Water')",1.0,1.0,0.0,1.0,1.0,1.0,1.0,1.0,1.0,1.0
"w_('Water_node_46', 'Water')",1.0,1.0,0.0,1.0,1.0,1.0,1.0,1.0,1.0,1.0
"w_('Water_node_47', 'Water')",1.0,1.0,0.0,1.0,1.0,1.0,1.0,1.0,1.0,1.0
"w_('Water_node_48', 'Water')",1.0,1.0,0.0,1.0,1.0,1.0,1.0,1.0,1.0,1.0
"y_('Gas_node_9', 'Gas_node_0', 'Gas')",1.0,1.0,0.0,1.0,1.0,1.0,1.0,1.0,1.0,1.0
"y_('Gas_node_0', 'Gas_node_3', 'Gas')",1.0,1.0,0.0,1.0,1.0,1.0,1.0,1.0,1.0,1.0
"y_('Gas_node_0', 'Gas_node_5', 'Gas')",1.0,1.0,0.0,1.0,1.0,1.0,1.0,1.0,1.0,1.0
"y_('Gas_node_5', 'Gas_node_1', 'Gas')",1.0,1.0,0.0,1.0,1.0,1.0,1.0,1.0,1.0,1.0
"y_('Gas_node_1', 'Gas_node_13', 'Gas')",1.0,1.0,0.0,1.0,1.0,1.0,1.0,1.0,1.0,1.0
"y_('Gas_node_13', 'Gas_node_7', 'Gas')",1.0,1.0,0.0,1.0,1.0,1.0,1.0,1.0,1.0,1.0
"y_('Gas_node_7', 'Gas_node_8', 'Gas')",1.0,1.0,0.0,1.0,1.0,1.0,1.0,1.0,1.0,1.0
"y_('Gas_node_8', 'Gas_node_15', 'Gas')",1.0,1.0,0.0,1.0,1.0,1.0,1.0,1.0,1.0,1.0
"y_('Gas_node_5', 'Gas_node_4', 'Gas')",1.0,1.0,0.0,1.0,1.0,1.0,1.0,1.0,1.0,1.0
"y_('Gas_node_4', 'Gas_node_10', 'Gas')",1.0,1.0,0.0,1.0,1.0,1.0,1.0,1.0,1.0,1.0
"y_('Gas_node_10', 'Gas_node_5', 'Gas')",1.0,1.0,0.0,1.0,1.0,1.0,1.0,1.0,1.0,1.0
"y_('Gas_node_10', 'Gas_node_2', 'Gas')",1.0,1.0,0.0,1.0,1.0,1.0,1.0,1.0,1.0,1.0
"y_('Gas_node_2', 'Gas_node_11', 'Gas')",1.0,1.0,0.0,1.0,1.0,1.0,1.0,1.0,1.0,1.0
"y_('Gas_node_11', 'Gas_node_12', 'Gas')",1.0,1.0,0.0,1.0,1.0,1.0,1.0,1.0,1.0,1.0
"y_('Gas_node_11', 'Gas_node_6', 'Gas')",1.0,1.0,0.0,1.0,1.0,1.0,1.0,1.0,1.0,1.0
"y_('Gas_node_6', 'Gas_node_13', 'Gas')",1.0,1.0,0.0,1.0,1.0,1.0,1.0,1.0,1.0,1.0
"y_('Gas_node_13', 'Gas_node_14', 'Gas')",1.0,1.0,0.0,1.0,1.0,1.0,1.0,1.0,1.0,1.0
"y_('Gas_node_0', 'Gas_node_9', 'Gas')",1.0,1.0,0.0,1.0,1.0,1.0,1.0,1.0,1.0,1.0
"y_('Gas_node_3', 'Gas_node_0', 'Gas')",1.0,1.0,0.0,1.0,1.0,1.0,1.0,1.0,1.0,1.0
"y_('Gas_node_5', 'Gas_node_0', 'Gas')",1.0,1.0,0.0,1.0,1.0,1.0,1.0,1.0,1.0,1.0
"y_('Gas_node_1', 'Gas_node_5', 'Gas')",1.0,1.0,0.0,1.0,1.0,1.0,1.0,1.0,1.0,1.0
"y_('Gas_node_13', 'Gas_node_1', 'Gas')",1.0,1.0,0.0,1.0,1.0,1.0,1.0,1.0,1.0,1.0
"y_('Gas_node_7', 'Gas_node_13', 'Gas')",1.0,1.0,0.0,1.0,1.0,1.0,1.0,1.0,1.0,1.0
"y_('Gas_node_8', 'Gas_node_7', 'Gas')",1.0,1.0,0.0,1.0,1.0,1.0,1.0,1.0,1.0,1.0
"y_('Gas_node_15', 'Gas_node_8', 'Gas')",1.0,1.0,0.0,1.0,1.0,1.0,1.0,1.0,1.0,1.0
"y_('Gas_node_4', 'Gas_node_5', 'Gas')",1.0,1.0,0.0,1.0,1.0,1.0,1.0,1.0,1.0,1.0
"y_('Gas_node_10', 'Gas_node_4', 'Gas')",1.0,1.0,0.0,1.0,1.0,1.0,1.0,1.0,1.0,1.0
"y_('Gas_node_5', 'Gas_node_10', 'Gas')",1.0,1.0,0.0,1.0,1.0,1.0,1.0,1.0,1.0,1.0
"y_('Gas_node_2', 'Gas_node_10', 'Gas')",1.0,1.0,0.0,1.0,1.0,1.0,1.0,1.0,1.0,1.0
"y_('Gas_node_11', 'Gas_node_2', 'Gas')",1.0,1.0,0.0,1.0,1.0,1.0,1.0,1.0,1.0,1.0
"y_('Gas_node_12', 'Gas_node_11', 'Gas')",1.0,1.0,0.0,1.0,1.0,1.0,1.0,1.0,1.0,1.0
"y_('Gas_node_6', 'Gas_node_11', 'Gas')",1.0,1.0,0.0,1.0,1.0,1.0,1.0,1.0,1.0,1.0
"y_('Gas_node_13', 'Gas_node_6', 'Gas')",1.0,1.0,0.0,1.0,1.0,1.0,1.0,1.0,1.0,1.0
"y_('Gas_node_14', 'Gas_node_13', 'Gas')",1.0,1.0,0.0,1.0,1.0,1.0,1.0,1.0,1.0,1.0
"y_('Power_node_71', 'Power_node_7', 'Power')",1.0,1.0,0.0,1.0,1.0,1.0,1.0,1.0,1.0,1.0
"y_('Power_node_71', 'Power_node_70', 'Power')",-0.0,0.0,0.0,-0.0,-0.0,0.0,-0.0,-0.0,-0.0,-0.0
"y_('Power_node_71', 'Power_node_68', 'Power')",1.0,1.0,0.0,1.0,1.0,1.0,1.0,1.0,1.0,1.0
"y_('Power_node_1', 'Power_node_31', 'Power')",1.0,1.0,0.0,1.0,1.0,1.0,1.0,1.0,1.0,1.0
"y_('Power_node_12', 'Power_node_10', 'Power')",1.0,1.0,0.0,1.0,1.0,1.0,1.0,1.0,1.0,1.0
"y_('Power_node_9', 'Power_node_10', 'Power')",1.0,1.0,0.0,1.0,1.0,1.0,1.0,1.0,1.0,1.0
"y_('Power_node_12', 'Power_node_9', 'Power')",1.0,1.0,0.0,1.0,1.0,1.0,1.0,1.0,1.0,1.0
"y_('Power_node_36', 'Power_node_3', 'Power')",1.0,1.0,0.0,1.0,1.0,1.0,1.0,1.0,1.0,1.0
"y_('Power_node_34', 'Power_node_36', 'Power')",1.0,1.0,0.0,1.0,1.0,1.0,1.0,1.0,1.0,1.0
"y_('Power_node_34', 'Power_node_18', 'Power')",1.0,1.0,0.0,1.0,1.0,1.0,1.0,1.0,1.0,1.0
"y_('Power_node_18', 'Power_node_17', 'Power')",1.0,1.0,0.0,1.0,1.0,1.0,1.0,1.0,1.0,1.0
"y_('Power_node_35', 'Power_node_3', 'Power')",1.0,1.0,0.0,1.0,1.0,1.0,1.0,1.0,1.0,1.0
"y_('Power_node_35', 'Power_node_33', 'Power')",1.0,1.0,0.0,1.0,1.0,1.0,1.0,1.0,1.0,1.0
"y_('Power_node_2', 'Power_node_33', 'Power')",1.0,1.0,0.0,1.0,1.0,1.0,1.0,1.0,1.0,1.0
"y_('Power_node_28', 'Power_node_15', 'Power')",1.0,1.0,0.0,1.0,1.0,1.0,1.0,1.0,1.0,1.0
"y_('Power_node_7', 'Power_node_8', 'Power')",-0.0,0.0,0.0,-0.0,-0.0,0.0,-0.0,-0.0,-0.0,-0.0
"y_('Power_node_72', 'Power_node_25', 'Power')",1.0,1.0,0.0,1.0,1.0,1.0,1.0,1.0,1.0,1.0
"y_('Power_node_25', 'Power_node_62', 'Power')",1.0,1.0,0.0,1.0,1.0,1.0,1.0,1.0,1.0,1.0
"y_('Power_node_73', 'Power_node_71', 'Power')",1.0,1.0,0.0,1.0,1.0,1.0,1.0,1.0,1.0,1.0
"y_('Power_node_69', 'Power_node_39', 'Power')",1.0,1.0,0.0,1.0,1.0,1.0,1.0,1.0,1.0,1.0
"y_('Power_node_68', 'Power_node_44', 'Power')",1.0,1.0,0.0,1.0,1.0,1.0,1.0,1.0,1.0,1.0
"y_('Power_node_6', 'Power_node_67', 'Power')",1.0,1.0,0.0,1.0,1.0,1.0,1.0,1.0,1.0,1.0
"y_('Power_node_39', 'Power_node_66', 'Power')",1.0,1.0,0.0,1.0,1.0,1.0,1.0,1.0,1.0,1.0
"y_('Power_node_66', 'Power_node_57', 'Power')",1.0,1.0,0.0,1.0,1.0,1.0,1.0,1.0,1.0,1.0
"y_('Power_node_40', 'Power_node_57', 'Power')",1.0,1.0,0.0,1.0,1.0,1.0,1.0,1.0,1.0,1.0
"y_('Power_node_57', 'Power_node_38', 'Power')",1.0,1.0,0.0,1.0,1.0,1.0,1.0,1.0,1.0,1.0
"y_('Power_node_3', 'Power_node_55', 'Power')",1.0,1.0,0.0,1.0,1.0,1.0,1.0,1.0,1.0,1.0
"y_('Power_node_55', 'Power_node_54', 'Power')",1.0,1.0,0.0,1.0,1.0,1.0,1.0,1.0,1.0,1.0
"y_('Power_node_54', 'Power_node_65', 'Power')",1.0,1.0,0.0,1.0,1.0,1.0,1.0,1.0,1.0,1.0
"y_('Power_node_54', 'Power_node_22', 'Power')",1.0,1.0,0.0,1.0,1.0,1.0,1.0,1.0,1.0,1.0
"y_('Power_node_65', 'Power_node_21', 'Power')",1.0,1.0,0.0,1.0,1.0,1.0,1.0,1.0,1.0,1.0
"y_('Power_node_65', 'Power_node_5', 'Power')",1.0,1.0,0.0,1.0,1.0,1.0,1.0,1.0,1.0,1.0
"y_('Power_node_5', 'Power_node_48', 'Power')",1.0,1.0,0.0,1.0,1.0,1.0,1.0,1.0,1.0,1.0
"y_('Power_node_63', 'Power_node_49', 'Power')",1.0,1.0,0.0,1.0,1.0,1.0,1.0,1.0,1.0,1.0
"y_('Power_node_4', 'Power_node_63', 'Power')",1.0,1.0,0.0,1.0,1.0,1.0,1.0,1.0,1.0,1.0
"y_('Power_node_20', 'Power_node_4', 'Power')",1.0,1.0,0.0,1.0,1.0,1.0,1.0,1.0,1.0,1.0
"y_('Power_node_50', 'Power_node_20', 'Power')",1.0,1.0,0.0,1.0,1.0,1.0,1.0,1.0,1.0,1.0
"y_('Power_node_61', 'Power_node_50', 'Power')",1.0,1.0,0.0,1.0,1.0,1.0,1.0,1.0,1.0,1.0
"y_('Power_node_37', 'Power_node_31', 'Power')",1.0,1.0,0.0,1.0,1.0,1.0,1.0,1.0,1.0,1.0
"y_('Power_node_64', 'Power_node_37', 'Power')",1.0,1.0,0.0,1.0,1.0,1.0,1.0,1.0,1.0,1.0
"y_('Power_node_5', 'Power_node_64', 'Power')",-0.0,0.0,0.0,-0.0,-0.0,0.0,-0.0,-0.0,-0.0,-0.0
"y_('Power_node_61', 'Power_node_13', 'Power')",1.0,1.0,0.0,1.0,1.0,1.0,1.0,1.0,1.0,1.0
"y_('Power_node_13', 'Power_node_11', 'Power')",1.0,1.0,0.0,1.0,1.0,1.0,1.0,1.0,1.0,1.0
"y_('Power_node_74', 'Power_node_4', 'Power')",1.0,1.0,0.0,1.0,1.0,1.0,1.0,1.0,1.0,1.0
"y_('Power_node_69', 'Power_node_67', 'Power')",1.0,1.0,0.0,1.0,1.0,1.0,1.0,1.0,1.0,1.0
"y_('Power_node_70', 'Power_node_72', 'Power')",-0.0,0.0,0.0,-0.0,-0.0,0.0,-0.0,-0.0,-0.0,-0.0
"y_('Power_node_60', 'Power_node_1', 'Power')",1.0,1.0,0.0,1.0,1.0,1.0,1.0,1.0,1.0,1.0
"y_('Power_node_60', 'Power_node_12', 'Power')",1.0,1.0,0.0,1.0,1.0,1.0,1.0,1.0,1.0,1.0
"y_('Power_node_58', 'Power_node_60', 'Power')",1.0,1.0,0.0,1.0,1.0,1.0,1.0,1.0,1.0,1.0
"y_('Power_node_58', 'Power_node_30', 'Power')",1.0,1.0,0.0,1.0,1.0,1.0,1.0,1.0,1.0,1.0
"y_('Power_node_14', 'Power_node_2', 'Power')",1.0,1.0,0.0,1.0,1.0,1.0,1.0,1.0,1.0,1.0
"y_('Power_node_2', 'Power_node_15', 'Power')",1.0,1.0,0.0,1.0,1.0,1.0,1.0,1.0,1.0,1.0
"y_('Power_node_15', 'Power_node_59', 'Power')",1.0,1.0,0.0,1.0,1.0,1.0,1.0,1.0,1.0,1.0
"y_('Power_node_27', 'Power_node_59', 'Power')",1.0,1.0,0.0,1.0,1.0,1.0,1.0,1.0,1.0,1.0
"y_('Power_node_59', 'Power_node_14', 'Power')",1.0,1.0,0.0,1.0,1.0,1.0,1.0,1.0,1.0,1.0
"y_('Power_node_32', 'Power_node_30', 'Power')",1.0,1.0,0.0,1.0,1.0,1.0,1.0,1.0,1.0,1.0
"y_('Power_node_32', 'Power_node_31', 'Power')",1.0,1.0,0.0,1.0,1.0,1.0,1.0,1.0,1.0,1.0
"y_('Power_node_19', 'Power_node_21', 'Power')",1.0,1.0,0.0,1.0,1.0,1.0,1.0,1.0,1.0,1.0
"y_('Power_node_52', 'Power_node_18', 'Power')",1.0,1.0,0.0,1.0,1.0,1.0,1.0,1.0,1.0,1.0
"y_('Power_node_52', 'Power_node_53', 'Power')",1.0,1.0,0.0,1.0,1.0,1.0,1.0,1.0,1.0,1.0
"y_('Power_node_53', 'Power_node_16', 'Power')",1.0,1.0,0.0,1.0,1.0,1.0,1.0,1.0,1.0,1.0
"y_('Power_node_53', 'Power_node_2', 'Power')",1.0,1.0,0.0,1.0,1.0,1.0,1.0,1.0,1.0,1.0
"y_('Power_node_51', 'Power_node_52', 'Power')",1.0,1.0,0.0,1.0,1.0,1.0,1.0,1.0,1.0,1.0
"y_('Power_node_29', 'Power_node_51', 'Power')",1.0,1.0,0.0,1.0,1.0,1.0,1.0,1.0,1.0,1.0
"y_('Power_node_0', 'Power_node_51', 'Power')",1.0,1.0,0.0,1.0,1.0,1.0,1.0,1.0,1.0,1.0
"y_('Power_node_0', 'Power_node_17', 'Power')",1.0,1.0,0.0,1.0,1.0,1.0,1.0,1.0,1.0,1.0
"y_('Power_node_0', 'Power_node_56', 'Power')",1.0,1.0,0.0,1.0,1.0,1.0,1.0,1.0,1.0,1.0
"y_('Power_node_28', 'Power_node_56', 'Power')",-0.0,0.0,0.0,-0.0,-0.0,0.0,-0.0,-0.0,-0.0,-0.0
"y_('Power_node_56', 'Power_node_26', 'Power')",1.0,1.0,0.0,1.0,1.0,1.0,1.0,1.0,1.0,1.0
"y_('Power_node_26', 'Power_node_9', 'Power')",1.0,1.0,0.0,1.0,1.0,1.0,1.0,1.0,1.0,1.0
"y_('Power_node_74', 'Power_node_47', 'Power')",1.0,1.0,0.0,1.0,1.0,1.0,1.0,1.0,1.0,1.0
"y_('Power_node_4', 'Power_node_46', 'Power')",1.0,1.0,0.0,1.0,1.0,1.0,1.0,1.0,1.0,1.0
"y_('Power_node_8', 'Power_node_73', 'Power')",1.0,1.0,0.0,1.0,1.0,1.0,1.0,1.0,1.0,1.0
"y_('Power_node_72', 'Power_node_73', 'Power')",1.0,1.0,0.0,1.0,1.0,1.0,1.0,1.0,1.0,1.0
"y_('Power_node_68', 'Power_node_45', 'Power')",1.0,1.0,0.0,1.0,1.0,1.0,1.0,1.0,1.0,1.0
"y_('Power_node_70', 'Power_node_69', 'Power')",-0.0,0.0,0.0,-0.0,-0.0,0.0,-0.0,-0.0,-0.0,-0.0
"y_('Power_node_38', 'Power_node_3', 'Power')",1.0,1.0,0.0,1.0,1.0,1.0,1.0,1.0,1.0,1.0
"y_('Power_node_24', 'Power_node_5', 'Power')",1.0,1.0,0.0,1.0,1.0,1.0,1.0,1.0,1.0,1.0
"y_('Power_node_24', 'Power_node_67', 'Power')",1.0,1.0,0.0,1.0,1.0,1.0,1.0,1.0,1.0,1.0
"y_('Power_node_55', 'Power_node_39', 'Power')",1.0,1.0,0.0,1.0,1.0,1.0,1.0,1.0,1.0,1.0
"y_('Power_node_6', 'Power_node_66', 'Power')",1.0,1.0,0.0,1.0,1.0,1.0,1.0,1.0,1.0,1.0
"y_('Power_node_6', 'Power_node_44', 'Power')",1.0,1.0,0.0,1.0,1.0,1.0,1.0,1.0,1.0,1.0
"y_('Power_node_23', 'Power_node_45', 'Power')",1.0,1.0,0.0,1.0,1.0,1.0,1.0,1.0,1.0,1.0
"y_('Power_node_62', 'Power_node_63', 'Power')",1.0,1.0,0.0,1.0,1.0,1.0,1.0,1.0,1.0,1.0
"y_('Power_node_4', 'Power_node_62', 'Power')",1.0,1.0,0.0,1.0,1.0,1.0,1.0,1.0,1.0,1.0
"y_('Power_node_11', 'Power_node_74', 'Power')",1.0,1.0,0.0,1.0,1.0,1.0,1.0,1.0,1.0,1.0
"y_('Power_node_1', 'Power_node_61', 'Power')",1.0,1.0,0.0,1.0,1.0,1.0,1.0,1.0,1.0,1.0
"y_('Power_node_14', 'Power_node_58', 'Power')",1.0,1.0,0.0,1.0,1.0,1.0,1.0,1.0,1.0,1.0
"y_('Power_node_49', 'Power_node_23', 'Power')",1.0,1.0,0.0,1.0,1.0,1.0,1.0,1.0,1.0,1.0
"y_('Power_node_41', 'Power_node_6', 'Power')",1.0,1.0,0.0,1.0,1.0,1.0,1.0,1.0,1.0,1.0
"y_('Power_node_42', 'Power_node_6', 'Power')",1.0,1.0,0.0,1.0,1.0,1.0,1.0,1.0,1.0,1.0
"y_('Power_node_43', 'Power_node_6', 'Power')",1.0,1.0,0.0,1.0,1.0,1.0,1.0,1.0,1.0,1.0
"y_('Power_node_7', 'Power_node_71', 'Power')",1.0,1.0,0.0,1.0,1.0,1.0,1.0,1.0,1.0,1.0
"y_('Power_node_70', 'Power_node_71', 'Power')",-0.0,0.0,0.0,-0.0,-0.0,0.0,-0.0,-0.0,-0.0,-0.0
"y_('Power_node_68', 'Power_node_71', 'Power')",1.0,1.0,0.0,1.0,1.0,1.0,1.0,1.0,1.0,1.0
"y_('Power_node_31', 'Power_node_1', 'Power')",1.0,1.0,0.0,1.0,1.0,1.0,1.0,1.0,1.0,1.0
"y_('Power_node_10', 'Power_node_12', 'Power')",1.0,1.0,0.0,1.0,1.0,1.0,1.0,1.0,1.0,1.0
"y_('Power_node_10', 'Power_node_9', 'Power')",1.0,1.0,0.0,1.0,1.0,1.0,1.0,1.0,1.0,1.0
"y_('Power_node_9', 'Power_node_12', 'Power')",1.0,1.0,0.0,1.0,1.0,1.0,1.0,1.0,1.0,1.0
"y_('Power_node_3', 'Power_node_36', 'Power')",1.0,1.0,0.0,1.0,1.0,1.0,1.0,1.0,1.0,1.0
"y_('Power_node_36', 'Power_node_34', 'Power')",1.0,1.0,0.0,1.0,1.0,1.0,1.0,1.0,1.0,1.0
"y_('Power_node_18', 'Power_node_34', 'Power')",1.0,1.0,0.0,1.0,1.0,1.0,1.0,1.0,1.0,1.0
"y_('Power_node_17', 'Power_node_18', 'Power')",1.0,1.0,0.0,1.0,1.0,1.0,1.0,1.0,1.0,1.0
"y_('Power_node_3', 'Power_node_35', 'Power')",1.0,1.0,0.0,1.0,1.0,1.0,1.0,1.0,1.0,1.0
"y_('Power_node_33', 'Power_node_35', 'Power')",1.0,1.0,0.0,1.0,1.0,1.0,1.0,1.0,1.0,1.0
"y_('Power_node_33', 'Power_node_2', 'Power')",1.0,1.0,0.0,1.0,1.0,1.0,1.0,1.0,1.0,1.0
"y_('Power_node_15', 'Power_node_28', 'Power')",1.0,1.0,0.0,1.0,1.0,1.0,1.0,1.0,1.0,1.0
"y_('Power_node_8', 'Power_node_7', 'Power')",-0.0,0.0,0.0,-0.0,-0.0,0.0,-0.0,-0.0,-0.0,-0.0
"y_('Power_node_25', 'Power_node_72', 'Power')",1.0,1.0,0.0,1.0,1.0,1.0,1.0,1.0,1.0,1.0
"y_('Power_node_62', 'Power_node_25', 'Power')",1.0,1.0,0.0,1.0,1.0,1.0,1.0,1.0,1.0,1.0
"y_('Power_node_71', 'Power_node_73', 'Power')",1.0,1.0,0.0,1.0,1.0,1.0,1.0,1.0,1.0,1.0
"y_('Power_node_39', 'Power_node_69', 'Power')",1.0,1.0,0.0,1.0,1.0,1.0,1.0,1.0,1.0,1.0
"y_('Power_node_44', 'Power_node_68', 'Power')",1.0,1.0,0.0,1.0,1.0,1.0,1.0,1.0,1.0,1.0
"y_('Power_node_67', 'Power_node_6', 'Power')",1.0,1.0,0.0,1.0,1.0,1.0,1.0,1.0,1.0,1.0
"y_('Power_node_66', 'Power_node_39', 'Power')",1.0,1.0,0.0,1.0,1.0,1.0,1.0,1.0,1.0,1.0
"y_('Power_node_57', 'Power_node_66', 'Power')",1.0,1.0,0.0,1.0,1.0,1.0,1.0,1.0,1.0,1.0
"y_('Power_node_57', 'Power_node_40', 'Power')",1.0,1.0,0.0,1.0,1.0,1.0,1.0,1.0,1.0,1.0
"y_('Power_node_38', 'Power_node_57', 'Power')",1.0,1.0,0.0,1.0,1.0,1.0,1.0,1.0,1.0,1.0
"y_('Power_node_55', 'Power_node_3', 'Power')",1.0,1.0,0.0,1.0,1.0,1.0,1.0,1.0,1.0,1.0
"y_('Power_node_54', 'Power_node_55', 'Power')",1.0,1.0,0.0,1.0,1.0,1.0,1.0,1.0,1.0,1.0
"y_('Power_node_65', 'Power_node_54', 'Power')",1.0,1.0,0.0,1.0,1.0,1.0,1.0,1.0,1.0,1.0
"y_('Power_node_22', 'Power_node_54', 'Power')",1.0,1.0,0.0,1.0,1.0,1.0,1.0,1.0,1.0,1.0
"y_('Power_node_21', 'Power_node_65', 'Power')",1.0,1.0,0.0,1.0,1.0,1.0,1.0,1.0,1.0,1.0
"y_('Power_node_5', 'Power_node_65', 'Power')",1.0,1.0,0.0,1.0,1.0,1.0,1.0,1.0,1.0,1.0
"y_('Power_node_48', 'Power_node_5', 'Power')",1.0,1.0,0.0,1.0,1.0,1.0,1.0,1.0,1.0,1.0
"y_('Power_node_49', 'Power_node_63', 'Power')",1.0,1.0,0.0,1.0,1.0,1.0,1.0,1.0,1.0,1.0
"y_('Power_node_63', 'Power_node_4', 'Power')",1.0,1.0,0.0,1.0,1.0,1.0,1.0,1.0,1.0,1.0
"y_('Power_node_4', 'Power_node_20', 'Power')",1.0,1.0,0.0,1.0,1.0,1.0,1.0,1.0,1.0,1.0
"y_('Power_node_20', 'Power_node_50', 'Power')",1.0,1.0,0.0,1.0,1.0,1.0,1.0,1.0,1.0,1.0
"y_('Power_node_50', 'Power_node_61', 'Power')",1.0,1.0,0.0,1.0,1.0,1.0,1.0,1.0,1.0,1.0
"y_('Power_node_31', 'Power_node_37', 'Power')",1.0,1.0,0.0,1.0,1.0,1.0,1.0,1.0,1.0,1.0
"y_('Power_node_37', 'Power_node_64', 'Power')",1.0,1.0,0.0,1.0,1.0,1.0,1.0,1.0,1.0,1.0
"y_('Power_node_64', 'Power_node_5', 'Power')",1.0,1.0,0.0,1.0,1.0,1.0,1.0,1.0,1.0,1.0
"y_('Power_node_13', 'Power_node_61', 'Power')",1.0,1.0,0.0,1.0,1.0,1.0,1.0,1.0,1.0,1.0
"y_('Power_node_11', 'Power_node_13', 'Power')",1.0,1.0,0.0,1.0,1.0,1.0,1.0,1.0,1.0,1.0
"y_('Power_node_4', 'Power_node_74', 'Power')",1.0,1.0,0.0,1.0,1.0,1.0,1.0,1.0,1.0,1.0
"y_('Power_node_67', 'Power_node_69', 'Power')",1.0,1.0,0.0,1.0,1.0,1.0,1.0,1.0,1.0,1.0
"y_('Power_node_72', 'Power_node_70', 'Power')",-0.0,0.0,0.0,-0.0,-0.0,0.0,-0.0,-0.0,-0.0,-0.0
"y_('Power_node_1', 'Power_node_60', 'Power')",1.0,1.0,0.0,1.0,1.0,1.0,1.0,1.0,1.0,1.0
"y_('Power_node_12', 'Power_node_60', 'Power')",1.0,1.0,0.0,1.0,1.0,1.0,1.0,1.0,1.0,1.0
"y_('Power_node_60', 'Power_node_58', 'Power')",1.0,1.0,0.0,1.0,1.0,1.0,1.0,1.0,1.0,1.0
"y_('Power_node_30', 'Power_node_58', 'Power')",1.0,1.0,0.0,1.0,1.0,1.0,1.0,1.0,1.0,1.0
"y_('Power_node_2', 'Power_node_14', 'Power')",1.0,1.0,0.0,1.0,1.0,1.0,1.0,1.0,1.0,1.0
"y_('Power_node_15', 'Power_node_2', 'Power')",1.0,1.0,0.0,1.0,1.0,1.0,1.0,1.0,1.0,1.0
"y_('Power_node_59', 'Power_node_15', 'Power')",1.0,1.0,0.0,1.0,1.0,1.0,1.0,1.0,1.0,1.0
"y_('Power_node_59', 'Power_node_27', 'Power')",1.0,1.0,0.0,1.0,1.0,1.0,1.0,1.0,1.0,1.0
"y_('Power_node_14', 'Power_node_59', 'Power')",1.0,1.0,0.0,1.0,1.0,1.0,1.0,1.0,1.0,1.0
"y_('Power_node_30', 'Power_node_32', 'Power')",1.0,1.0,0.0,1.0,1.0,1.0,1.0,1.0,1.0,1.0
"y_('Power_node_31', 'Power_node_32', 'Power')",1.0,1.0,0.0,1.0,1.0,1.0,1.0,1.0,1.0,1.0
"y_('Power_node_21', 'Power_node_19', 'Power')",1.0,1.0,0.0,1.0,1.0,1.0,1.0,1.0,1.0,1.0
"y_('Power_node_18', 'Power_node_52', 'Power')",1.0,1.0,0.0,1.0,1.0,1.0,1.0,1.0,1.0,1.0
"y_('Power_node_53', 'Power_node_52', 'Power')",1.0,1.0,0.0,1.0,1.0,1.0,1.0,1.0,1.0,1.0
"y_('Power_node_16', 'Power_node_53', 'Power')",1.0,1.0,0.0,1.0,1.0,1.0,1.0,1.0,1.0,1.0
"y_('Power_node_2', 'Power_node_53', 'Power')",1.0,1.0,0.0,1.0,1.0,1.0,1.0,1.0,1.0,1.0
"y_('Power_node_52', 'Power_node_51', 'Power')",1.0,1.0,0.0,1.0,1.0,1.0,1.0,1.0,1.0,1.0
"y_('Power_node_51', 'Power_node_29', 'Power')",1.0,1.0,0.0,1.0,1.0,1.0,1.0,1.0,1.0,1.0
"y_('Power_node_51', 'Power_node_0', 'Power')",1.0,1.0,0.0,1.0,1.0,1.0,1.0,1.0,1.0,1.0
"y_('Power_node_17', 'Power_node_0', 'Power')",1.0,1.0,0.0,1.0,1.0,1.0,1.0,1.0,1.0,1.0
"y_('Power_node_56', 'Power_node_0', 'Power')",1.0,1.0,0.0,1.0,1.0,1.0,1.0,1.0,1.0,1.0
"y_('Power_node_56', 'Power_node_28', 'Power')",-0.0,0.0,0.0,-0.0,-0.0,0.0,-0.0,-0.0,-0.0,-0.0
"y_('Power_node_26', 'Power_node_56', 'Power')",1.0,1.0,0.0,1.0,1.0,1.0,1.0,1.0,1.0,1.0
"y_('Power_node_9', 'Power_node_26', 'Power')",1.0,1.0,0.0,1.0,1.0,1.0,1.0,1.0,1.0,1.0
"y_('Power_node_47', 'Power_node_74', 'Power')",1.0,1.0,0.0,1.0,1.0,1.0,1.0,1.0,1.0,1.0
"y_('Power_node_46', 'Power_node_4', 'Power')",1.0,1.0,0.0,1.0,1.0,1.0,1.0,1.0,1.0,1.0
"y_('Power_node_73', 'Power_node_8', 'Power')",1.0,1.0,0.0,1.0,1.0,1.0,1.0,1.0,1.0,1.0
"y_('Power_node_73', 'Power_node_72', 'Power')",1.0,1.0,0.0,1.0,1.0,1.0,1.0,1.0,1.0,1.0
"y_('Power_node_45', 'Power_node_68', 'Power')",1.0,1.0,0.0,1.0,1.0,1.0,1.0,1.0,1.0,1.0
"y_('Power_node_69', 'Power_node_70', 'Power')",-0.0,0.0,0.0,-0.0,-0.0,0.0,-0.0,-0.0,-0.0,-0.0
"y_('Power_node_3', 'Power_node_38', 'Power')",1.0,1.0,0.0,1.0,1.0,1.0,1.0,1.0,1.0,1.0
"y_('Power_node_5', 'Power_node_24', 'Power')",1.0,1.0,0.0,1.0,1.0,1.0,1.0,1.0,1.0,1.0
"y_('Power_node_67', 'Power_node_24', 'Power')",1.0,1.0,0.0,1.0,1.0,1.0,1.0,1.0,1.0,1.0
"y_('Power_node_39', 'Power_node_55', 'Power')",1.0,1.0,0.0,1.0,1.0,1.0,1.0,1.0,1.0,1.0
"y_('Power_node_66', 'Power_node_6', 'Power')",1.0,1.0,0.0,1.0,1.0,1.0,1.0,1.0,1.0,1.0
"y_('Power_node_44', 'Power_node_6', 'Power')",1.0,1.0,0.0,1.0,1.0,1.0,1.0,1.0,1.0,1.0
"y_('Power_node_45', 'Power_node_23', 'Power')",1.0,1.0,0.0,1.0,1.0,1.0,1.0,1.0,1.0,1.0
"y_('Power_node_63', 'Power_node_62', 'Power')",1.0,1.0,0.0,1.0,1.0,1.0,1.0,1.0,1.0,1.0
"y_('Power_node_62', 'Power_node_4', 'Power')",1.0,1.0,0.0,1.0,1.0,1.0,1.0,1.0,1.0,1.0
"y_('Power_node_74', 'Power_node_11', 'Power')",1.0,1.0,0.0,1.0,1.0,1.0,1.0,1.0,1.0,1.0
"y_('Power_node_61', 'Power_node_1', 'Power')",1.0,1.0,0.0,1.0,1.0,1.0,1.0,1.0,1.0,1.0
"y_('Power_node_58', 'Power_node_14', 'Power')",1.0,1.0,0.0,1.0,1.0,1.0,1.0,1.0,1.0,1.0
"y_('Power_node_23', 'Power_node_49', 'Power')",1.0,1.0,0.0,1.0,1.0,1.0,1.0,1.0,1.0,1.0
"y_('Power_node_6', 'Power_node_41', 'Power')",1.0,1.0,0.0,1.0,1.0,1.0,1.0,1.0,1.0,1.0
"y_('Power_node_6', 'Power_node_42', 'Power')",1.0,1.0,0.0,1.0,1.0,1.0,1.0,1.0,1.0,1.0
"y_('Power_node_6', 'Power_node_43', 'Power')",1.0,1.0,0.0,1.0,1.0,1.0,1.0,1.0,1.0,1.0
"y_('Water_node_0', 'Water_node_16', 'Water')",1.0,1.0,0.0,1.0,1.0,1.0,1.0,1.0,1.0,1.0
"y_('Water_node_15', 'Water_node_0', 'Water')",1.0,1.0,0.0,1.0,1.0,1.0,1.0,1.0,1.0,1.0
"y_('Water_node_3', 'Water_node_0', 'Water')",1.0,1.0,0.0,1.0,1.0,1.0,1.0,1.0,1.0,1.0
"y_('Water_node_2', 'Water_node_1', 'Water')",1.0,1.0,0.0,1.0,1.0,1.0,1.0,1.0,1.0,1.0
"y_('Water_node_1', 'Water_node_15', 'Water')",1.0,1.0,0.0,1.0,1.0,1.0,1.0,1.0,1.0,1.0
"y_('Water_node_20', 'Water_node_2', 'Water')",1.0,1.0,0.0,1.0,1.0,1.0,1.0,1.0,1.0,1.0
"y_('Water_node_19', 'Water_node_20', 'Water')",1.0,1.0,0.0,1.0,1.0,1.0,1.0,1.0,1.0,1.0
"y_('Water_node_15', 'Water_node_17', 'Water')",1.0,1.0,0.0,1.0,1.0,1.0,1.0,1.0,1.0,1.0
"y_('Water_node_18', 'Water_node_17', 'Water')",1.0,1.0,0.0,1.0,1.0,1.0,1.0,1.0,1.0,1.0
"y_('Water_node_17', 'Water_node_3', 'Water')",1.0,1.0,0.0,1.0,1.0,1.0,1.0,1.0,1.0,1.0
"y_('Water_node_25', 'Water_node_3', 'Water')",1.0,1.0,0.0,1.0,1.0,1.0,1.0,1.0,1.0,1.0
"y_('Water_node_19', 'Water_node_18', 'Water')",1.0,1.0,0.0,1.0,1.0,1.0,1.0,1.0,1.0,1.0
"y_('Water_node_22', 'Water_node_18', 'Water')",1.0,1.0,0.0,1.0,1.0,1.0,1.0,1.0,1.0,1.0
"y_('Water_node_1', 'Water_node_19', 'Water')",1.0,1.0,0.0,1.0,1.0,1.0,1.0,1.0,1.0,1.0
"y_('Water_node_3', 'Water_node_24', 'Water')",1.0,1.0,0.0,1.0,1.0,1.0,1.0,1.0,1.0,1.0
"y_('Water_node_19', 'Water_node_4', 'Water')",1.0,1.0,0.0,1.0,1.0,1.0,1.0,1.0,1.0,1.0
"y_('Water_node_4', 'Water_node_22', 'Water')",1.0,1.0,0.0,1.0,1.0,1.0,1.0,1.0,1.0,1.0
"y_('Water_node_5', 'Water_node_22', 'Water')",1.0,1.0,0.0,1.0,1.0,1.0,1.0,1.0,1.0,1.0
"y_('Water_node_17', 'Water_node_5', 'Water')",1.0,1.0,0.0,1.0,1.0,1.0,1.0,1.0,1.0,1.0
"y_('Water_node_24', 'Water_node_5', 'Water')",1.0,1.0,0.0,1.0,1.0,1.0,1.0,1.0,1.0,1.0
"y_('Water_node_26', 'Water_node_5', 'Water')",1.0,1.0,0.0,1.0,1.0,1.0,1.0,1.0,1.0,1.0
"y_('Water_node_27', 'Water_node_25', 'Water')",-0.0,0.0,0.0,-0.0,-0.0,0.0,-0.0,-0.0,-0.0,-0.0
"y_('Water_node_29', 'Water_node_25', 'Water')",1.0,1.0,0.0,1.0,1.0,1.0,1.0,1.0,1.0,1.0
"y_('Water_node_9', 'Water_node_27', 'Water')",1.0,1.0,0.0,1.0,1.0,1.0,1.0,1.0,1.0,1.0
"y_('Water_node_4', 'Water_node_26', 'Water')",1.0,1.0,0.0,1.0,1.0,1.0,1.0,1.0,1.0,1.0
"y_('Water_node_7', 'Water_node_26', 'Water')",1.0,1.0,0.0,1.0,1.0,1.0,1.0,1.0,1.0,1.0
"y_('Water_node_5', 'Water_node_30', 'Water')",1.0,1.0,0.0,1.0,1.0,1.0,1.0,1.0,1.0,1.0
"y_('Water_node_8', 'Water_node_30', 'Water')",1.0,1.0,0.0,1.0,1.0,1.0,1.0,1.0,1.0,1.0
"y_('Water_node_10', 'Water_node_30', 'Water')",1.0,1.0,0.0,1.0,1.0,1.0,1.0,1.0,1.0,1.0
"y_('Water_node_30', 'Water_node_7', 'Water')",1.0,1.0,0.0,1.0,1.0,1.0,1.0,1.0,1.0,1.0
"y_('Water_node_33', 'Water_node_7', 'Water')",1.0,1.0,0.0,1.0,1.0,1.0,1.0,1.0,1.0,1.0
"y_('Water_node_21', 'Water_node_28', 'Water')",1.0,1.0,0.0,1.0,1.0,1.0,1.0,1.0,1.0,1.0
"y_('Water_node_4', 'Water_node_21', 'Water')",1.0,1.0,0.0,1.0,1.0,1.0,1.0,1.0,1.0,1.0
"y_('Water_node_7', 'Water_node_28', 'Water')",1.0,1.0,0.0,1.0,1.0,1.0,1.0,1.0,1.0,1.0
"y_('Water_node_32', 'Water_node_28', 'Water')",1.0,1.0,0.0,1.0,1.0,1.0,1.0,1.0,1.0,1.0
"y_('Water_node_23', 'Water_node_6', 'Water')",1.0,1.0,0.0,1.0,1.0,1.0,1.0,1.0,1.0,1.0
"y_('Water_node_25', 'Water_node_23', 'Water')",1.0,1.0,0.0,1.0,1.0,1.0,1.0,1.0,1.0,1.0
"y_('Water_node_29', 'Water_node_6', 'Water')",1.0,1.0,0.0,1.0,1.0,1.0,1.0,1.0,1.0,1.0
"y_('Water_node_31', 'Water_node_6', 'Water')",1.0,1.0,0.0,1.0,1.0,1.0,1.0,1.0,1.0,1.0
"y_('Water_node_24', 'Water_node_8', 'Water')",1.0,1.0,0.0,1.0,1.0,1.0,1.0,1.0,1.0,1.0
"y_('Water_node_27', 'Water_node_8', 'Water')",1.0,1.0,0.0,1.0,1.0,1.0,1.0,1.0,1.0,1.0
"y_('Water_node_9', 'Water_node_8', 'Water')",1.0,1.0,0.0,1.0,1.0,1.0,1.0,1.0,1.0,1.0
"y_('Water_node_34', 'Water_node_8', 'Water')",1.0,1.0,0.0,1.0,1.0,1.0,1.0,1.0,1.0,1.0
"y_('Water_node_10', 'Water_node_34', 'Water')",1.0,1.0,0.0,1.0,1.0,1.0,1.0,1.0,1.0,1.0
"y_('Water_node_9', 'Water_node_31', 'Water')",1.0,1.0,0.0,1.0,1.0,1.0,1.0,1.0,1.0,1.0
"y_('Water_node_35', 'Water_node_31', 'Water')",1.0,1.0,0.0,1.0,1.0,1.0,1.0,1.0,1.0,1.0
"y_('Water_node_29', 'Water_node_9', 'Water')",1.0,1.0,0.0,1.0,1.0,1.0,1.0,1.0,1.0,1.0
"y_('Water_node_10', 'Water_node_33', 'Water')",1.0,1.0,0.0,1.0,1.0,1.0,1.0,1.0,1.0,1.0
"y_('Water_node_33', 'Water_node_32', 'Water')",1.0,1.0,0.0,1.0,1.0,1.0,1.0,1.0,1.0,1.0
"y_('Water_node_36', 'Water_node_32', 'Water')",1.0,1.0,0.0,1.0,1.0,1.0,1.0,1.0,1.0,1.0
"y_('Water_node_38', 'Water_node_10', 'Water')",1.0,1.0,0.0,1.0,1.0,1.0,1.0,1.0,1.0,1.0
"y_('Water_node_38', 'Water_node_36', 'Water')",1.0,1.0,0.0,1.0,1.0,1.0,1.0,1.0,1.0,1.0
"y_('Water_node_12', 'Water_node_36', 'Water')",1.0,1.0,0.0,1.0,1.0,1.0,1.0,1.0,1.0,1.0
"y_('Water_node_44', 'Water_node_12', 'Water')",1.0,1.0,0.0,1.0,1.0,1.0,1.0,1.0,1.0,1.0
"y_('Water_node_39', 'Water_node_38', 'Water')",1.0,1.0,0.0,1.0,1.0,1.0,1.0,1.0,1.0,1.0
"y_('Water_node_40', 'Water_node_11', 'Water')",1.0,1.0,0.0,1.0,1.0,1.0,1.0,1.0,1.0,1.0
"y_('Water_node_48', 'Water_node_11', 'Water')",1.0,1.0,0.0,1.0,1.0,1.0,1.0,1.0,1.0,1.0
"y_('Water_node_13', 'Water_node_48', 'Water')",-0.0,0.0,0.0,-0.0,-0.0,0.0,-0.0,-0.0,-0.0,-0.0
"y_('Water_node_37', 'Water_node_40', 'Water')",-0.0,0.0,0.0,-0.0,-0.0,0.0,-0.0,-0.0,-0.0,-0.0
"y_('Water_node_11', 'Water_node_37', 'Water')",1.0,1.0,0.0,1.0,1.0,1.0,1.0,1.0,1.0,1.0
"y_('Water_node_13', 'Water_node_40', 'Water')",1.0,1.0,0.0,1.0,1.0,1.0,1.0,1.0,1.0,1.0
"y_('Water_node_43', 'Water_node_45', 'Water')",1.0,1.0,0.0,1.0,1.0,1.0,1.0,1.0,1.0,1.0
"y_('Water_node_44', 'Water_node_42', 'Water')",1.0,1.0,0.0,1.0,1.0,1.0,1.0,1.0,1.0,1.0
"y_('Water_node_42', 'Water_node_43', 'Water')",-0.0,0.0,0.0,-0.0,-0.0,0.0,-0.0,-0.0,-0.0,-0.0
"y_('Water_node_14', 'Water_node_45', 'Water')",1.0,1.0,0.0,1.0,1.0,1.0,1.0,1.0,1.0,1.0
"y_('Water_node_45', 'Water_node_44', 'Water')",1.0,1.0,0.0,1.0,1.0,1.0,1.0,1.0,1.0,1.0
"y_('Water_node_46', 'Water_node_44', 'Water')",1.0,1.0,0.0,1.0,1.0,1.0,1.0,1.0,1.0,1.0
"y_('Water_node_47', 'Water_node_46', 'Water')",-0.0,0.0,0.0,-0.0,-0.0,0.0,-0.0,-0.0,-0.0,-0.0
"y_('Water_node_45', 'Water_node_47', 'Water')",1.0,1.0,0.0,1.0,1.0,1.0,1.0,1.0,1.0,1.0
"y_('Water_node_41', 'Water_node_14', 'Water')",1.0,1.0,0.0,1.0,1.0,1.0,1.0,1.0,1.0,1.0
"y_('Water_node_13', 'Water_node_14', 'Water')",1.0,1.0,0.0,1.0,1.0,1.0,1.0,1.0,1.0,1.0
"y_('Water_node_16', 'Water_node_0', 'Water')",1.0,1.0,0.0,1.0,1.0,1.0,1.0,1.0,1.0,1.0
"y_('Water_node_0', 'Water_node_15', 'Water')",1.0,1.0,0.0,1.0,1.0,1.0,1.0,1.0,1.0,1.0
"y_('Water_node_0', 'Water_node_3', 'Water')",1.0,1.0,0.0,1.0,1.0,1.0,1.0,1.0,1.0,1.0
"y_('Water_node_1', 'Water_node_2', 'Water')",1.0,1.0,0.0,1.0,1.0,1.0,1.0,1.0,1.0,1.0
"y_('Water_node_15', 'Water_node_1', 'Water')",1.0,1.0,0.0,1.0,1.0,1.0,1.0,1.0,1.0,1.0
"y_('Water_node_2', 'Water_node_20', 'Water')",1.0,1.0,0.0,1.0,1.0,1.0,1.0,1.0,1.0,1.0
"y_('Water_node_20', 'Water_node_19', 'Water')",1.0,1.0,0.0,1.0,1.0,1.0,1.0,1.0,1.0,1.0
"y_('Water_node_17', 'Water_node_15', 'Water')",1.0,1.0,0.0,1.0,1.0,1.0,1.0,1.0,1.0,1.0
"y_('Water_node_17', 'Water_node_18', 'Water')",1.0,1.0,0.0,1.0,1.0,1.0,1.0,1.0,1.0,1.0
"y_('Water_node_3', 'Water_node_17', 'Water')",1.0,1.0,0.0,1.0,1.0,1.0,1.0,1.0,1.0,1.0
"y_('Water_node_3', 'Water_node_25', 'Water')",1.0,1.0,0.0,1.0,1.0,1.0,1.0,1.0,1.0,1.0
"y_('Water_node_18', 'Water_node_19', 'Water')",1.0,1.0,0.0,1.0,1.0,1.0,1.0,1.0,1.0,1.0
"y_('Water_node_18', 'Water_node_22', 'Water')",1.0,1.0,0.0,1.0,1.0,1.0,1.0,1.0,1.0,1.0
"y_('Water_node_19', 'Water_node_1', 'Water')",1.0,1.0,0.0,1.0,1.0,1.0,1.0,1.0,1.0,1.0
"y_('Water_node_24', 'Water_node_3', 'Water')",1.0,1.0,0.0,1.0,1.0,1.0,1.0,1.0,1.0,1.0
"y_('Water_node_4', 'Water_node_19', 'Water')",1.0,1.0,0.0,1.0,1.0,1.0,1.0,1.0,1.0,1.0
"y_('Water_node_22', 'Water_node_4', 'Water')",1.0,1.0,0.0,1.0,1.0,1.0,1.0,1.0,1.0,1.0
"y_('Water_node_22', 'Water_node_5', 'Water')",1.0,1.0,0.0,1.0,1.0,1.0,1.0,1.0,1.0,1.0
"y_('Water_node_5', 'Water_node_17', 'Water')",1.0,1.0,0.0,1.0,1.0,1.0,1.0,1.0,1.0,1.0
"y_('Water_node_5', 'Water_node_24', 'Water')",1.0,1.0,0.0,1.0,1.0,1.0,1.0,1.0,1.0,1.0
"y_('Water_node_5', 'Water_node_26', 'Water')",1.0,1.0,0.0,1.0,1.0,1.0,1.0,1.0,1.0,1.0
"y_('Water_node_25', 'Water_node_27', 'Water')",-0.0,0.0,0.0,-0.0,-0.0,0.0,-0.0,-0.0,-0.0,-0.0
"y_('Water_node_25', 'Water_node_29', 'Water')",1.0,1.0,0.0,1.0,1.0,1.0,1.0,1.0,1.0,1.0
"y_('Water_node_27', 'Water_node_9', 'Water')",1.0,1.0,0.0,1.0,1.0,1.0,1.0,1.0,1.0,1.0
"y_('Water_node_26', 'Water_node_4', 'Water')",1.0,1.0,0.0,1.0,1.0,1.0,1.0,1.0,1.0,1.0
"y_('Water_node_26', 'Water_node_7', 'Water')",1.0,1.0,0.0,1.0,1.0,1.0,1.0,1.0,1.0,1.0
"y_('Water_node_30', 'Water_node_5', 'Water')",1.0,1.0,0.0,1.0,1.0,1.0,1.0,1.0,1.0,1.0
"y_('Water_node_30', 'Water_node_8', 'Water')",1.0,1.0,0.0,1.0,1.0,1.0,1.0,1.0,1.0,1.0
"y_('Water_node_30', 'Water_node_10', 'Water')",1.0,1.0,0.0,1.0,1.0,1.0,1.0,1.0,1.0,1.0
"y_('Water_node_7', 'Water_node_30', 'Water')",1.0,1.0,0.0,1.0,1.0,1.0,1.0,1.0,1.0,1.0
"y_('Water_node_7', 'Water_node_33', 'Water')",1.0,1.0,0.0,1.0,1.0,1.0,1.0,1.0,1.0,1.0
"y_('Water_node_28', 'Water_node_21', 'Water')",1.0,1.0,0.0,1.0,1.0,1.0,1.0,1.0,1.0,1.0
"y_('Water_node_21', 'Water_node_4', 'Water')",1.0,1.0,0.0,1.0,1.0,1.0,1.0,1.0,1.0,1.0
"y_('Water_node_28', 'Water_node_7', 'Water')",1.0,1.0,0.0,1.0,1.0,1.0,1.0,1.0,1.0,1.0
"y_('Water_node_28', 'Water_node_32', 'Water')",1.0,1.0,0.0,1.0,1.0,1.0,1.0,1.0,1.0,1.0
"y_('Water_node_6', 'Water_node_23', 'Water')",1.0,1.0,0.0,1.0,1.0,1.0,1.0,1.0,1.0,1.0
"y_('Water_node_23', 'Water_node_25', 'Water')",1.0,1.0,0.0,1.0,1.0,1.0,1.0,1.0,1.0,1.0
"y_('Water_node_6', 'Water_node_29', 'Water')",1.0,1.0,0.0,1.0,1.0,1.0,1.0,1.0,1.0,1.0
"y_('Water_node_6', 'Water_node_31', 'Water')",1.0,1.0,0.0,1.0,1.0,1.0,1.0,1.0,1.0,1.0
"y_('Water_node_8', 'Water_node_24', 'Water')",1.0,1.0,0.0,1.0,1.0,1.0,1.0,1.0,1.0,1.0
"y_('Water_node_8', 'Water_node_27', 'Water')",1.0,1.0,0.0,1.0,1.0,1.0,1.0,1.0,1.0,1.0
"y_('Water_node_8', 'Water_node_9', 'Water')",1.0,1.0,0.0,1.0,1.0,1.0,1.0,1.0,1.0,1.0
"y_('Water_node_8', 'Water_node_34', 'Water')",1.0,1.0,0.0,1.0,1.0,1.0,1.0,1.0,1.0,1.0
"y_('Water_node_34', 'Water_node_10', 'Water')",1.0,1.0,0.0,1.0,1.0,1.0,1.0,1.0,1.0,1.0
"y_('Water_node_31', 'Water_node_9', 'Water')",1.0,1.0,0.0,1.0,1.0,1.0,1.0,1.0,1.0,1.0
"y_('Water_node_31', 'Water_node_35', 'Water')",1.0,1.0,0.0,1.0,1.0,1.0,1.0,1.0,1.0,1.0
"y_('Water_node_9', 'Water_node_29', 'Water')",1.0,1.0,0.0,1.0,1.0,1.0,1.0,1.0,1.0,1.0
"y_('Water_node_33', 'Water_node_10', 'Water')",1.0,1.0,0.0,1.0,1.0,1.0,1.0,1.0,1.0,1.0
"y_('Water_node_32', 'Water_node_33', 'Water')",1.0,1.0,0.0,1.0,1.0,1.0,1.0,1.0,1.0,1.0
"y_('Water_node_32', 'Water_node_36', 'Water')",1.0,1.0,0.0,1.0,1.0,1.0,1.0,1.0,1.0,1.0
"y_('Water_node_10', 'Water_node_38', 'Water')",1.0,1.0,0.0,1.0,1.0,1.0,1.0,1.0,1.0,1.0
"y_('Water_node_36', 'Water_node_38', 'Water')",1.0,1.0,0.0,1.0,1.0,1.0,1.0,1.0,1.0,1.0
"y_('Water_node_36', 'Water_node_12', 'Water')",1.0,1.0,0.0,1.0,1.0,1.0,1.0,1.0,1.0,1.0
"y_('Water_node_12', 'Water_node_44', 'Water')",1.0,1.0,0.0,1.0,1.0,1.0,1.0,1.0,1.0,1.0
"y_('Water_node_38', 'Water_node_39', 'Water')",1.0,1.0,0.0,1.0,1.0,1.0,1.0,1.0,1.0,1.0
"y_('Water_node_11', 'Water_node_40', 'Water')",1.0,1.0,0.0,1.0,1.0,1.0,1.0,1.0,1.0,1.0
"y_('Water_node_11', 'Water_node_48', 'Water')",1.0,1.0,0.0,1.0,1.0,1.0,1.0,1.0,1.0,1.0
"y_('Water_node_48', 'Water_node_13', 'Water')",-0.0,0.0,0.0,-0.0,-0.0,0.0,-0.0,-0.0,-0.0,-0.0
"y_('Water_node_40', 'Water_node_37', 'Water')",-0.0,0.0,0.0,-0.0,-0.0,0.0,-0.0,-0.0,-0.0,-0.0
"y_('Water_node_37', 'Water_node_11', 'Water')",1.0,1.0,0.0,1.0,1.0,1.0,1.0,1.0,1.0,1.0
"y_('Water_node_40', 'Water_node_13', 'Water')",1.0,1.0,0.0,1.0,1.0,1.0,1.0,1.0,1.0,1.0
"y_('Water_node_45', 'Water_node_43', 'Water')",1.0,1.0,0.0,1.0,1.0,1.0,1.0,1.0,1.0,1.0
"y_('Water_node_42', 'Water_node_44', 'Water')",1.0,1.0,0.0,1.0,1.0,1.0,1.0,1.0,1.0,1.0
"y_('Water_node_43', 'Water_node_42', 'Water')",-0.0,0.0,0.0,-0.0,-0.0,0.0,-0.0,-0.0,-0.0,-0.0
"y_('Water_node_45', 'Water_node_14', 'Water')",1.0,1.0,0.0,1.0,1.0,1.0,1.0,1.0,1.0,1.0
"y_('Water_node_44', 'Water_node_45', 'Water')",1.0,1.0,0.0,1.0,1.0,1.0,1.0,1.0,1.0,1.0
"y_('Water_node_44', 'Water_node_46', 'Water')",1.0,1.0,0.0,1.0,1.0,1.0,1.0,1.0,1.0,1.0
"y_('Water_node_46', 'Water_node_47', 'Water')",-0.0,0.0,0.0,-0.0,-0.0,0.0,-0.0,-0.0,-0.0,-0.0
"y_('Water_node_47', 'Water_node_45', 'Water')",1.0,1.0,0.0,1.0,1.0,1.0,1.0,1.0,1.0,1.0
"y_('Water_node_14', 'Water_node_41', 'Water')",1.0,1.0,0.0,1.0,1.0,1.0,1.0,1.0,1.0,1.0
"y_('Water_node_14', 'Water_node_13', 'Water')",1.0,1.0,0.0,1.0,1.0,1.0,1.0,1.0,1.0,1.0
